TransactionID,Date,ProductID,ProductName,Price,Quantity,CustomerID,Country,PaymentType
1,2022-01-01,55,ProductD,426.75,8,464,UK,cc
2,2022-01-02,53,,373.03,8,411,France,BankTransfer
3,2022-01-03,56,,275.86,6,34,UK,BankTransfer
4,2022-01-04,98,ProductC,330.26,30,354,USA,cc
5,2022-01-05,9,ProductA,144.25,8,292,Germany,Paypal
6,2022-01-06,22,ProductA,300.6,4,463,UK,credit
7,2022-01-07,13,ProductB,249.72,4,63,France,CreditCard
8,2022-01-08,89,,75.34,5,273,USA,credit
9,2022-01-09,48,ProductC,128.85,1,449,France,CreditCard
10,2022-01-10,18,ProductB,152.93,1,210,UK,credit
11,2022-01-11,76,ProductB,4166.1900000000005,2,246,USA,BankTransfer
12,2022-01-12,40,ProductC,122.89,8,36,USA,Paypal
13,2022-01-13,17,ProductD,151.73,7,142,,BankTransfer
14,2022-01-14,15,ProductA,190.98,9,166,Australia,Paypal
15,2022-01-15,15,,335.23,5,483,UK,cc
16,2022-01-16,79,ProductC,67.94,2,145,France,CreditCard
17,2022-01-17,63,ProductA,477.43,7,236,France,CreditCard
18,2022-01-18,39,,434.13,8,343,,cc
19,2022-01-19,13,ProductA,292.84,7,83,UK,credit
20,2022-01-20,81,,340.28,7,249,France,cc
21,2022-01-21,32,,18.16,5,377,USA,cc
22,2022-01-22,9,ProductD,176.08,2,443,UK,Paypal
23,2022-01-23,40,ProductD,399.87,6,320,,cc
24,2022-01-24,20,ProductB,47.97,4,342,Germany,CreditCard
25,2022-01-25,90,,148.33,27,65,UK,BankTransfer
26,2022-01-26,91,ProductC,296.8,9,483,USA,Paypal
27,2022-01-27,85,ProductD,135.64,7,68,France,Paypal
28,2022-01-28,82,,467.65,6,396,France,credit
29,2022-01-29,77,,74.22,5,136,UK,BankTransfer
30,2022-01-30,80,,400.72,3,477,,Paypal
31,2022-01-31,73,ProductB,258.89,4,368,USA,cc
32,2022-02-01,63,,377.66,3,385,UK,Paypal
33,2022-02-02,76,ProductD,162.25,8,112,,Paypal
34,2022-02-03,44,,262.1,3,227,UK,Paypal
35,2022-02-04,38,ProductD,429.85,32,316,UK,credit
36,2022-02-05,83,ProductB,238.77,7,393,Germany,Paypal
37,2022-02-06,60,ProductB,186.26,7,54,Australia,Paypal
38,2022-02-07,71,ProductC,272.72,7,492,USA,credit
39,2022-02-08,99,ProductD,361.51,2,455,,BankTransfer
40,2022-02-09,48,ProductB,227.35,28,138,France,CreditCard
41,2022-02-10,18,ProductC,470.05,9,420,USA,credit
42,2022-02-11,16,ProductB,154.52,3,265,France,credit
43,2022-02-12,55,,242.98,2,236,UK,Paypal
44,2022-02-13,39,ProductC,380.89,9,161,Germany,Paypal
45,2022-02-14,68,ProductA,347.67,9,297,France,CreditCard
46,2022-02-15,59,ProductA,433.18,4,373,,Paypal
47,2022-02-16,89,ProductA,498.44,9,210,USA,cc
48,2022-02-17,96,ProductC,219.16,3,322,Germany,Paypal
49,2022-02-18,62,ProductA,64.46,7,357,Germany,Paypal
50,2022-02-19,13,ProductA,24.9,7,363,UK,cc
51,2022-02-20,81,,366.17,8,27,UK,CreditCard
52,2022-02-21,6,,438.27,4,439,USA,cc
53,2022-02-22,83,ProductC,118.15,3,234,France,credit
54,2022-02-23,77,,87.64,3,134,Germany,cc
55,2022-02-24,60,ProductA,40.48,5,124,USA,BankTransfer
56,2022-02-25,90,ProductD,413.12,1,247,Australia,credit
57,2022-02-26,14,ProductD,162.58,3,453,Australia,Paypal
58,2022-02-27,95,ProductC,206.83,6,194,Germany,credit
59,2022-02-28,54,ProductB,256.35,3,383,UK,CreditCard
60,2022-03-01,4,ProductC,421.33,5,50,France,CreditCard
61,2022-03-02,39,ProductC,2960.19,9,243,UK,cc
62,2022-03-03,72,ProductD,311.38,2,,UK,credit
63,2022-03-04,25,ProductA,96.08,2,394,France,Paypal
64,2022-03-05,77,ProductA,261.46,6,108,USA,CreditCard
65,2022-03-06,32,ProductA,360.54,6,256,USA,Paypal
66,2022-03-07,59,ProductB,486.9,8,120,USA,BankTransfer
67,2022-03-08,63,ProductC,108.69,2,209,USA,CreditCard
68,2022-03-09,38,ProductA,14.68,9,399,USA,cc
69,2022-03-10,92,,46.9,2,394,,BankTransfer
70,2022-03-11,53,ProductB,194.17,1,117,UK,credit
71,2022-03-12,94,ProductA,412.07,2,471,USA,Paypal
72,2022-03-13,67,ProductD,13.5,7,303,UK,CreditCard
73,2022-03-14,28,ProductA,233.8,8,194,,BankTransfer
74,2022-03-15,3,ProductD,171.32,5,257,Germany,BankTransfer
75,2022-03-16,98,ProductD,35.72,6,309,UK,CreditCard
76,2022-03-17,80,ProductB,230.62,1,286,Australia,credit
77,2022-03-18,22,ProductA,134.83,6,249,UK,credit
78,2022-03-19,96,ProductB,182.42,8,258,UK,cc
79,2022-03-20,38,ProductA,355.75,3,91,UK,credit
80,2022-03-21,72,ProductA,265.56,1,415,UK,cc
81,2022-03-22,72,ProductB,71.08,4,277,UK,BankTransfer
82,2022-03-23,62,ProductB,481.09,1,67,France,CreditCard
83,2022-03-24,57,ProductC,321.6,8,391,UK,credit
84,2022-03-25,6,ProductD,385.28,5,476,Germany,cc
85,2022-03-26,78,ProductC,48.81,26,484,USA,BankTransfer
86,2022-03-27,32,ProductA,33.06,8,189,USA,credit
87,2022-03-28,99,ProductA,19.53,9,70,Germany,Paypal
88,2022-03-29,10,,102.51,2,265,,BankTransfer
89,2022-03-30,3,ProductC,213.06,9,58,UK,credit
90,2022-03-31,59,,468.55,8,477,France,BankTransfer
91,2022-04-01,76,ProductB,233.96,7,94,UK,CreditCard
92,2022-04-02,49,ProductD,152.23,3,129,USA,CreditCard
93,2022-04-03,59,ProductC,2568.15,2,208,USA,CreditCard
94,2022-04-04,31,ProductB,64.85,32,196,UK,Paypal
95,2022-04-05,93,ProductC,308.66,5,406,USA,CreditCard
96,2022-04-06,69,ProductC,288.53,6,233,USA,Paypal
97,2022-04-07,62,ProductB,398.08,4,88,France,CreditCard
98,2022-04-08,52,ProductB,493.48,27,137,USA,BankTransfer
99,2022-04-09,89,ProductD,132.93,9,260,Germany,credit
100,2022-04-10,41,,259.73,3,76,UK,credit
101,2022-04-11,31,ProductB,455.34,7,313,Germany,CreditCard
102,2022-04-12,85,ProductB,394.74,8,289,Germany,credit
103,2022-04-13,84,ProductA,248.83,2,365,UK,CreditCard
104,2022-04-14,22,ProductD,473.23,6,479,UK,CreditCard
105,2022-04-15,4,ProductB,38.05,8,466,France,cc
106,2022-04-16,13,,466.19,7,483,Australia,cc
107,2022-04-17,45,ProductB,34.75,3,125,USA,cc
108,2022-04-18,42,ProductB,278.18,1,68,USA,Paypal
109,2022-04-19,49,ProductD,446.32,6,155,Australia,cc
110,2022-04-20,20,,138.73,8,457,UK,CreditCard
111,2022-04-21,77,ProductC,241.4,6,496,Germany,BankTransfer
112,2022-04-22,81,ProductC,168.92,5,439,UK,cc
113,2022-04-23,54,,476.55,8,57,USA,cc
114,2022-04-24,36,ProductA,413.59,2,484,Germany,BankTransfer
115,2022-04-25,97,,357.41,1,216,Germany,CreditCard
116,2022-04-26,1,ProductA,297.94,26,5,UK,Paypal
117,2022-04-27,15,ProductD,412.09,4,226,Germany,cc
118,2022-04-28,77,ProductD,202.21,6,24,France,BankTransfer
119,2022-04-29,17,ProductB,229.3,9,278,Germany,CreditCard
120,2022-04-30,24,,367.7,1,173,USA,credit
121,2022-05-01,58,ProductA,185.3,1,242,Germany,Paypal
122,2022-05-02,72,ProductB,41.31,5,313,France,BankTransfer
123,2022-05-03,91,ProductC,46.42,30,444,France,BankTransfer
124,2022-05-04,23,ProductB,66.53,5,338,France,BankTransfer
125,2022-05-05,46,ProductD,436.14,6,222,USA,cc
126,2022-05-06,72,ProductA,241.39,8,419,France,credit
127,2022-05-07,8,ProductA,359.31,3,463,France,Paypal
128,2022-05-08,59,ProductA,202.53,9,62,USA,CreditCard
129,2022-05-09,90,ProductA,136.77,1,272,Germany,CreditCard
130,2022-05-10,59,ProductC,180.12,4,146,UK,credit
131,2022-05-11,13,ProductD,399.15,34,25,France,BankTransfer
132,2022-05-12,39,,316.36,8,342,UK,BankTransfer
133,2022-05-13,28,,469.44,34,441,Germany,BankTransfer
134,2022-05-14,89,ProductA,343.06,1,84,,BankTransfer
135,2022-05-15,61,ProductC,289.39,9,415,France,BankTransfer
136,2022-05-16,16,ProductA,309.0,3,436,,credit
137,2022-05-17,2,ProductB,471.76,9,467,,cc
138,2022-05-18,82,ProductC,396.22,1,136,USA,Paypal
139,2022-05-19,17,ProductA,21.78,1,462,France,BankTransfer
140,2022-05-20,30,ProductB,271.73,9,164,Germany,cc
141,2022-05-21,13,,347.29,6,282,Australia,CreditCard
142,2022-05-22,96,ProductC,376.86,4,26,UK,credit
143,2022-05-23,93,ProductC,114.44,7,23,,cc
144,2022-05-24,94,ProductA,434.92,5,368,France,BankTransfer
145,2022-05-25,82,ProductB,478.36,7,227,France,BankTransfer
146,2022-05-26,13,,125.99,8,131,USA,BankTransfer
147,2022-05-27,43,ProductA,442.48,8,98,USA,cc
148,2022-05-28,85,ProductC,57.52,1,342,France,BankTransfer
149,2022-05-29,94,ProductA,37.3,8,1,USA,cc
150,2022-05-30,21,ProductC,73.32,6,412,Australia,BankTransfer
151,2022-05-31,55,ProductA,38.29,4,41,USA,CreditCard
152,2022-06-01,81,,424.06,8,98,France,CreditCard
153,2022-06-02,40,,38.93,3,198,UK,Paypal
154,2022-06-03,83,ProductD,143.12,4,248,France,BankTransfer
155,2022-06-04,15,ProductB,60.84,6,182,France,BankTransfer
156,2022-06-05,73,,154.76,7,164,UK,cc
157,2022-06-06,52,ProductC,54.37,4,492,USA,cc
158,2022-06-07,74,ProductB,337.32,4,328,USA,BankTransfer
159,2022-06-08,95,ProductD,75.33,7,12,Germany,Paypal
160,2022-06-09,53,ProductA,427.4,6,220,Germany,BankTransfer
161,2022-06-10,87,ProductA,410.42,8,447,France,cc
162,2022-06-11,52,ProductD,16.69,1,154,Germany,BankTransfer
163,2022-06-12,30,ProductB,4040.19,7,49,Germany,cc
164,2022-06-13,33,ProductC,24.18,7,387,UK,BankTransfer
165,2022-06-14,57,ProductB,127.43,7,310,USA,credit
166,2022-06-15,52,,25.87,7,291,UK,cc
167,2022-06-16,9,,174.56,8,28,,Paypal
168,2022-06-17,54,,261.79,9,72,Australia,credit
169,2022-06-18,1,ProductB,400.36,9,318,UK,BankTransfer
170,2022-06-19,44,ProductA,1580.4900000000002,2,107,Germany,cc
171,2022-06-20,99,ProductC,355.69,7,258,Australia,credit
172,2022-06-21,75,ProductA,101.88,7,279,Germany,Paypal
173,2022-06-22,98,ProductA,377.79,4,145,USA,cc
174,2022-06-23,80,ProductC,125.64,9,484,USA,credit
175,2022-06-24,9,ProductC,80.34,8,430,Germany,credit
176,2022-06-25,32,,100.85,1,369,,credit
177,2022-06-26,15,ProductB,99.21,2,40,France,CreditCard
178,2022-06-27,12,ProductB,2351.7000000000003,2,55,USA,BankTransfer
179,2022-06-28,97,ProductA,423.95,8,252,USA,cc
180,2022-06-29,78,,49.01,1,82,France,cc
181,2022-06-30,57,ProductD,356.41,4,500,Australia,cc
182,2022-07-01,8,,330.63,5,81,France,credit
183,2022-07-02,72,,437.53,9,249,France,BankTransfer
184,2022-07-03,27,ProductC,129.63,7,186,USA,Paypal
185,2022-07-04,62,ProductC,230.55,8,327,Australia,cc
186,2022-07-05,12,ProductB,463.66,9,66,France,BankTransfer
187,2022-07-06,65,ProductC,333.4,7,220,UK,BankTransfer
188,2022-07-07,42,ProductC,200.5,5,141,France,CreditCard
189,2022-07-08,62,ProductC,74.39,5,453,UK,cc
190,2022-07-09,11,,138.62,6,21,USA,credit
191,2022-07-10,43,,294.8,5,467,UK,BankTransfer
192,2022-07-11,95,ProductD,361.9,9,425,USA,BankTransfer
193,2022-07-12,17,ProductD,70.97,3,152,UK,Paypal
194,2022-07-13,97,ProductD,303.8,3,403,Germany,CreditCard
195,2022-07-14,32,ProductA,2517.03,7,16,Germany,BankTransfer
196,2022-07-15,93,ProductA,2356.56,7,494,Germany,BankTransfer
197,2022-07-16,85,ProductD,348.16,6,269,UK,credit
198,2022-07-17,85,ProductD,420.35,3,155,USA,credit
199,2022-07-18,40,ProductA,168.26,7,185,France,Paypal
200,2022-07-19,23,,445.62,5,34,UK,Paypal
201,2022-07-20,56,ProductA,88.71,7,,UK,Paypal
202,2022-07-21,6,ProductB,94.78,2,21,Australia,credit
203,2022-07-22,86,ProductD,140.72,6,335,France,credit
204,2022-07-23,50,ProductA,617.1299999999999,8,226,Australia,CreditCard
205,2022-07-24,37,ProductA,122.86,26,485,Germany,cc
206,2022-07-25,64,ProductB,62.14,4,126,USA,cc
207,2022-07-26,54,ProductD,412.66,1,272,France,CreditCard
208,2022-07-27,72,ProductC,78.09,1,247,UK,cc
209,2022-07-28,49,ProductD,376.18,8,359,Germany,credit
210,2022-07-29,99,ProductC,33.48,7,35,USA,cc
211,2022-07-30,11,ProductA,4272.93,1,99,Australia,credit
212,2022-07-31,88,,358.47,2,110,USA,CreditCard
213,2022-08-01,49,ProductA,13.33,4,377,,Paypal
214,2022-08-02,21,,384.29,1,97,Australia,CreditCard
215,2022-08-03,66,ProductC,261.9,3,293,Germany,cc
216,2022-08-04,63,,391.89,8,110,France,credit
217,2022-08-05,83,ProductA,266.02,8,440,France,cc
218,2022-08-06,28,ProductC,2916.9,8,481,Australia,cc
219,2022-08-07,17,ProductA,395.3,6,265,Germany,Paypal
220,2022-08-08,6,ProductA,208.5,6,180,France,cc
221,2022-08-09,19,ProductD,11.33,5,120,Germany,Paypal
222,2022-08-10,56,ProductB,426.47,9,26,,credit
223,2022-08-11,28,ProductC,1769.7599999999998,4,137,Germany,credit
224,2022-08-12,66,ProductA,253.06,7,334,Germany,Paypal
225,2022-08-13,38,ProductB,13.81,1,273,France,CreditCard
226,2022-08-14,37,ProductD,251.13,9,482,Australia,credit
227,2022-08-15,68,ProductC,493.38,7,203,Germany,CreditCard
228,2022-08-16,86,ProductD,146.35,9,355,USA,credit
229,2022-08-17,90,ProductD,203.75,7,250,Germany,credit
230,2022-08-18,49,,346.72,2,262,,BankTransfer
231,2022-08-19,43,ProductB,409.25,6,137,France,cc
232,2022-08-20,36,ProductD,214.52,29,233,Australia,cc
233,2022-08-21,58,,161.74,3,241,USA,CreditCard
234,2022-08-22,13,ProductD,469.53,2,361,Germany,cc
235,2022-08-23,52,ProductC,341.8,6,480,France,CreditCard
236,2022-08-24,58,ProductD,68.32,8,169,Australia,credit
237,2022-08-25,32,ProductD,43.77,6,22,USA,BankTransfer
238,2022-08-26,81,ProductD,2222.46,34,254,Australia,BankTransfer
239,2022-08-27,60,ProductA,117.84,5,278,Germany,credit
240,2022-08-28,83,ProductA,134.45,2,86,USA,Paypal
241,2022-08-29,58,,440.07,8,388,UK,Paypal
242,2022-08-30,99,ProductB,53.89,9,,UK,cc
243,2022-08-31,56,ProductD,360.53,4,483,Germany,CreditCard
244,2022-09-01,28,ProductB,142.86,6,101,USA,BankTransfer
245,2022-09-02,1,ProductC,382.56,8,447,USA,cc
246,2022-09-03,42,ProductA,363.98,9,360,Australia,credit
247,2022-09-04,82,ProductA,13.62,5,232,USA,BankTransfer
248,2022-09-05,48,,259.48,6,276,UK,CreditCard
249,2022-09-06,40,,78.27,4,434,Germany,CreditCard
250,2022-09-07,97,ProductD,434.45,5,245,Germany,Paypal
251,2022-09-08,63,ProductC,437.08,7,191,France,cc
252,2022-09-09,76,ProductD,214.99,9,252,Germany,credit
253,2022-09-10,72,ProductD,227.75,6,296,France,BankTransfer
254,2022-09-11,88,ProductC,158.61,6,97,France,CreditCard
255,2022-09-12,80,ProductA,361.14,8,460,USA,BankTransfer
256,2022-09-13,4,ProductD,185.74,4,344,USA,credit
257,2022-09-14,38,ProductD,1270.98,3,324,Germany,BankTransfer
258,2022-09-15,27,,221.79,7,51,UK,cc
259,2022-09-16,9,ProductA,493.46999999999997,5,309,France,Paypal
260,2022-09-17,16,ProductD,375.84,2,62,Germany,BankTransfer
261,2022-09-18,56,ProductC,145.53000000000003,2,41,UK,Paypal
262,2022-09-19,76,ProductC,325.8,6,270,USA,credit
263,2022-09-20,31,ProductA,99.6,8,206,UK,Paypal
264,2022-09-21,88,ProductC,1114.92,1,301,Germany,BankTransfer
265,2022-09-22,14,ProductB,321.46,6,46,Germany,BankTransfer
266,2022-09-23,25,ProductB,496.54,2,220,Germany,CreditCard
267,2022-09-24,34,ProductD,391.08,2,90,USA,BankTransfer
268,2022-09-25,67,ProductD,120.66,7,,France,Paypal
269,2022-09-26,24,ProductC,96.25,1,287,Australia,CreditCard
270,2022-09-27,73,,434.45,6,351,UK,BankTransfer
271,2022-09-28,26,ProductB,227.65,7,167,Germany,BankTransfer
272,2022-09-29,20,ProductB,77.16,8,49,,credit
273,2022-09-30,64,ProductD,432.48,7,498,UK,CreditCard
274,2022-10-01,10,ProductA,409.89,6,147,Germany,credit
275,2022-10-02,83,ProductB,492.11,9,217,USA,credit
276,2022-10-03,67,ProductB,455.77,3,332,France,credit
277,2022-10-04,24,ProductA,427.38,6,13,USA,cc
278,2022-10-05,5,,35.76,4,414,,credit
279,2022-10-06,67,ProductB,61.16,2,274,France,Paypal
280,2022-10-07,58,ProductC,288.8,1,142,France,BankTransfer
281,2022-10-08,27,ProductA,270.42,1,32,France,cc
282,2022-10-09,80,ProductD,234.4,3,83,Germany,credit
283,2022-10-10,15,ProductB,204.43,4,457,Germany,BankTransfer
284,2022-10-11,35,ProductD,1991.61,2,351,Australia,CreditCard
285,2022-10-12,76,ProductC,288.96,1,128,,CreditCard
286,2022-10-13,53,ProductA,11.02,4,34,Germany,BankTransfer
287,2022-10-14,44,ProductC,137.75,7,353,,Paypal
288,2022-10-15,26,ProductA,263.96,6,293,Germany,BankTransfer
289,2022-10-16,47,ProductC,363.89,6,207,Germany,BankTransfer
290,2022-10-17,34,ProductB,95.34,9,186,Germany,cc
291,2022-10-18,87,,277.97,2,111,UK,CreditCard
292,2022-10-19,95,ProductA,360.09,4,342,USA,CreditCard
293,2022-10-20,50,ProductD,227.87,5,496,UK,credit
294,2022-10-21,84,ProductA,23.27,1,90,Germany,BankTransfer
295,2022-10-22,12,ProductB,230.14,8,305,UK,BankTransfer
296,2022-10-23,87,ProductC,155.26,8,217,Germany,Paypal
297,2022-10-24,4,,465.53,6,228,,CreditCard
298,2022-10-25,87,ProductB,71.06,30,130,UK,Paypal
299,2022-10-26,48,ProductA,329.71,8,421,Germany,cc
300,2022-10-27,55,ProductB,35.83,3,248,USA,credit
301,2022-10-28,1,ProductA,228.62,3,278,USA,Paypal
302,2022-10-29,89,ProductA,281.45,2,156,France,CreditCard
303,2022-10-30,66,ProductC,156.0,5,93,Germany,cc
304,2022-10-31,30,ProductA,232.99,3,44,France,BankTransfer
305,2022-11-01,3,ProductA,90.14,3,365,USA,cc
306,2022-11-02,21,ProductD,159.02,6,101,Germany,Paypal
307,2022-11-03,89,ProductB,314.34,8,353,UK,CreditCard
308,2022-11-04,84,ProductA,157.88,2,200,UK,Paypal
309,2022-11-05,49,ProductB,450.87,4,213,USA,BankTransfer
310,2022-11-06,86,ProductD,317.92,7,240,USA,BankTransfer
311,2022-11-07,85,ProductB,224.94,1,188,UK,CreditCard
312,2022-11-08,62,ProductC,28.99,1,52,USA,credit
313,2022-11-09,97,ProductA,254.78,7,158,,cc
314,2022-11-10,38,ProductC,384.74,7,339,UK,cc
315,2022-11-11,15,ProductB,140.12,1,340,USA,BankTransfer
316,2022-11-12,52,ProductD,405.32,1,147,USA,Paypal
317,2022-11-13,79,,133.39,29,235,Germany,Paypal
318,2022-11-14,46,ProductD,413.64,5,99,USA,credit
319,2022-11-15,25,ProductB,51.78,5,108,Australia,Paypal
320,2022-11-16,21,ProductB,434.43,4,12,,cc
321,2022-11-17,88,ProductB,254.6,8,458,UK,Paypal
322,2022-11-18,5,ProductA,155.3,7,108,Germany,credit
323,2022-11-19,70,ProductA,139.91,9,117,USA,cc
324,2022-11-20,47,ProductD,221.69,7,143,France,Paypal
325,2022-11-21,87,ProductB,499.53,26,66,Germany,cc
326,2022-11-22,68,ProductC,117.96,7,327,UK,BankTransfer
327,2022-11-23,91,ProductC,60.58,1,39,UK,BankTransfer
328,2022-11-24,18,ProductC,296.67,7,69,France,BankTransfer
329,2022-11-25,21,ProductA,249.39,8,329,Germany,Paypal
330,2022-11-26,92,,266.86,9,174,USA,credit
331,2022-11-27,99,ProductA,336.8,3,362,France,cc
332,2022-11-28,86,ProductD,140.9,4,285,Germany,CreditCard
333,2022-11-29,23,ProductD,456.23,4,131,Australia,BankTransfer
334,2022-11-30,64,ProductD,223.48,9,333,USA,BankTransfer
335,2022-12-01,67,ProductC,73.25,7,60,France,CreditCard
336,2022-12-02,40,ProductA,373.73,3,274,France,CreditCard
337,2022-12-03,10,ProductB,325.12,5,224,USA,Paypal
338,2022-12-04,89,ProductD,164.71,7,137,France,cc
339,2022-12-05,52,ProductB,314.54,8,309,Germany,BankTransfer
340,2022-12-06,72,,117.73,1,445,,credit
341,2022-12-07,75,ProductB,2051.73,2,,USA,Paypal
342,2022-12-08,61,ProductB,450.71,7,311,France,Paypal
343,2022-12-09,64,ProductB,75.43,2,207,UK,credit
344,2022-12-10,5,ProductB,199.48,7,115,,credit
345,2022-12-11,53,ProductC,412.36,9,132,UK,credit
346,2022-12-12,55,ProductD,485.05,2,245,,CreditCard
347,2022-12-13,37,ProductD,232.42,7,188,,BankTransfer
348,2022-12-14,56,,258.43,4,467,UK,CreditCard
349,2022-12-15,59,,290.36,2,188,Australia,BankTransfer
350,2022-12-16,93,,466.85,7,191,,CreditCard
351,2022-12-17,69,ProductA,430.52,5,196,UK,cc
352,2022-12-18,73,ProductD,93.59,1,427,Germany,BankTransfer
353,2022-12-19,59,ProductB,224.01,5,333,Germany,Paypal
354,2022-12-20,2,ProductA,237.36,3,314,UK,BankTransfer
355,2022-12-21,65,ProductD,396.66,7,171,USA,BankTransfer
356,2022-12-22,60,ProductB,305.42,6,418,UK,BankTransfer
357,2022-12-23,51,ProductA,330.57,8,20,UK,cc
358,2022-12-24,30,ProductA,499.12,30,445,Germany,CreditCard
359,2022-12-25,11,ProductA,46.73,2,262,USA,Paypal
360,2022-12-26,92,,119.27,9,204,Australia,CreditCard
361,2022-12-27,76,ProductA,209.87,8,254,France,CreditCard
362,2022-12-28,39,ProductB,180.41,6,341,USA,credit
363,2022-12-29,90,ProductC,20.61,7,7,France,cc
364,2022-12-30,77,ProductB,54.97,9,445,France,credit
365,2022-12-31,72,,3093.03,7,228,,cc
366,2023-01-01,63,ProductA,440.87,3,175,USA,CreditCard
367,2023-01-02,64,ProductC,261.97,6,71,UK,CreditCard
368,2023-01-03,61,ProductD,274.2,7,225,,cc
369,2023-01-04,54,,135.0,2,254,,CreditCard
370,2023-01-05,92,ProductD,386.26,3,206,France,CreditCard
371,2023-01-06,94,,3405.42,4,347,France,Paypal
372,2023-01-07,73,ProductA,298.3,6,215,USA,credit
373,2023-01-08,95,ProductB,114.21,1,491,Germany,credit
374,2023-01-09,58,ProductB,57.54,9,306,UK,credit
375,2023-01-10,85,,41.48,5,412,USA,BankTransfer
376,2023-01-11,56,ProductA,300.42,7,56,Australia,Paypal
377,2023-01-12,34,ProductA,414.27,9,203,USA,credit
378,2023-01-13,31,ProductB,430.58,9,172,Germany,credit
379,2023-01-14,52,ProductA,237.17,1,291,,Paypal
380,2023-01-15,89,ProductA,3548.61,1,440,USA,CreditCard
381,2023-01-16,76,,473.97,3,40,,credit
382,2023-01-17,1,ProductC,144.83,6,38,,CreditCard
383,2023-01-18,55,ProductD,205.0,2,434,Germany,credit
384,2023-01-19,22,ProductD,466.42,1,109,USA,cc
385,2023-01-20,40,ProductB,175.73,1,342,UK,BankTransfer
386,2023-01-21,1,ProductA,457.8,5,277,Germany,credit
387,2023-01-22,65,ProductB,490.71,4,425,UK,cc
388,2023-01-23,63,ProductB,334.29,1,64,UK,Paypal
389,2023-01-24,54,ProductD,410.28,4,67,,cc
390,2023-01-25,42,ProductB,377.28,3,285,USA,Paypal
391,2023-01-26,21,ProductA,352.77,2,483,France,credit
392,2023-01-27,79,ProductC,160.4,9,212,USA,Paypal
393,2023-01-28,81,,37.98,1,167,Germany,cc
394,2023-01-29,22,,178.1,7,310,,BankTransfer
395,2023-01-30,38,,336.8,29,475,UK,CreditCard
396,2023-01-31,99,ProductD,60.24,5,428,USA,CreditCard
397,2023-02-01,80,ProductB,15.84,5,,France,BankTransfer
398,2023-02-02,8,ProductD,78.45,1,12,France,CreditCard
399,2023-02-03,62,ProductA,360.71,6,58,France,credit
400,2023-02-04,47,ProductD,486.67,9,311,UK,credit
401,2023-02-05,17,ProductD,491.7,27,419,UK,cc
402,2023-02-06,17,ProductA,252.05,7,146,,cc
403,2023-02-07,90,ProductD,435.98,6,123,,Paypal
404,2023-02-08,13,,371.04,5,402,Germany,cc
405,2023-02-09,17,ProductB,255.51,4,29,Australia,credit
406,2023-02-10,38,,290.65,4,189,Germany,cc
407,2023-02-11,81,ProductA,77.24,6,259,Germany,CreditCard
408,2023-02-12,78,ProductC,469.45,4,286,USA,Paypal
409,2023-02-13,45,ProductC,182.45,5,372,Germany,Paypal
410,2023-02-14,6,ProductC,228.61,6,182,Germany,credit
411,2023-02-15,35,,3051.9900000000002,30,313,USA,cc
412,2023-02-16,14,,173.61,7,299,Germany,CreditCard
413,2023-02-17,72,ProductD,134.59,9,280,France,cc
414,2023-02-18,61,ProductB,319.21,7,327,France,BankTransfer
415,2023-02-19,15,,22.24,7,133,France,cc
416,2023-02-20,54,ProductA,363.16,4,44,,credit
417,2023-02-21,27,,261.87,26,61,USA,cc
418,2023-02-22,13,ProductB,306.82,8,115,Germany,Paypal
419,2023-02-23,31,ProductA,319.62,4,256,France,CreditCard
420,2023-02-24,35,ProductD,268.25,1,429,Germany,credit
421,2023-02-25,60,ProductB,295.44,5,358,UK,BankTransfer
422,2023-02-26,6,ProductB,345.06,8,403,USA,CreditCard
423,2023-02-27,69,ProductB,379.03,4,180,Australia,CreditCard
424,2023-02-28,86,ProductA,366.45,8,207,Germany,Paypal
425,2023-03-01,58,ProductA,436.11,33,201,Australia,Paypal
426,2023-03-02,49,ProductA,925.47,3,98,Germany,Paypal
427,2023-03-03,23,ProductC,206.56,9,32,France,credit
428,2023-03-04,89,ProductA,474.42,28,302,Australia,cc
429,2023-03-05,34,ProductD,204.33,1,,France,CreditCard
430,2023-03-06,26,ProductB,640.71,2,86,UK,cc
431,2023-03-07,47,,267.47,6,24,Germany,cc
432,2023-03-08,5,,63.65,2,398,Australia,Paypal
433,2023-03-09,90,ProductB,109.4,6,129,UK,cc
434,2023-03-10,20,ProductD,499.18,1,424,UK,CreditCard
435,2023-03-11,6,,275.27,1,360,USA,CreditCard
436,2023-03-12,70,,149.19,5,483,,BankTransfer
437,2023-03-13,59,ProductC,497.44,9,209,USA,credit
438,2023-03-14,64,ProductA,483.61,8,338,France,cc
439,2023-03-15,18,ProductD,225.96,3,238,Germany,credit
440,2023-03-16,4,ProductD,137.6,3,322,Germany,credit
441,2023-03-17,17,ProductD,420.82,1,230,France,credit
442,2023-03-18,14,ProductB,360.65,3,97,USA,credit
443,2023-03-19,78,,346.6,1,260,Germany,CreditCard
444,2023-03-20,13,,447.63,8,270,France,cc
445,2023-03-21,7,ProductB,347.81,1,414,Australia,BankTransfer
446,2023-03-22,44,ProductA,149.06,5,376,USA,credit
447,2023-03-23,15,ProductA,349.99,9,339,Australia,BankTransfer
448,2023-03-24,19,,159.85,32,58,France,CreditCard
449,2023-03-25,63,ProductD,382.03,4,368,Australia,CreditCard
450,2023-03-26,35,ProductD,313.68,9,256,Germany,Paypal
451,2023-03-27,81,ProductC,47.93,9,457,Germany,credit
452,2023-03-28,35,ProductC,261.29,2,470,,Paypal
453,2023-03-29,19,ProductB,178.22,6,29,Australia,BankTransfer
454,2023-03-30,20,ProductC,171.0,4,419,Germany,cc
455,2023-03-31,35,ProductD,305.11,33,20,UK,Paypal
456,2023-04-01,32,,167.94,7,188,UK,CreditCard
457,2023-04-02,48,,390.68,7,277,UK,credit
458,2023-04-03,44,,44.69,9,76,UK,BankTransfer
459,2023-04-04,24,ProductC,333.59,5,381,UK,CreditCard
460,2023-04-05,61,ProductC,3658.59,6,5,Australia,cc
461,2023-04-06,17,ProductD,339.69,1,87,USA,credit
462,2023-04-07,71,,253.64,6,297,France,cc
463,2023-04-08,50,ProductA,475.65,2,365,USA,cc
464,2023-04-09,65,ProductB,156.97,6,468,UK,credit
465,2023-04-10,99,ProductA,19.39,9,360,USA,credit
466,2023-04-11,32,ProductD,221.67,8,343,UK,cc
467,2023-04-12,36,ProductB,26.18,9,202,France,BankTransfer
468,2023-04-13,13,ProductB,477.43,8,1,Australia,credit
469,2023-04-14,70,ProductA,112.86,3,62,UK,CreditCard
470,2023-04-15,58,ProductB,396.57,8,273,Germany,Paypal
471,2023-04-16,14,,389.54,31,345,Germany,BankTransfer
472,2023-04-17,37,ProductB,116.69,6,213,Australia,credit
473,2023-04-18,79,ProductD,314.4,6,373,France,credit
474,2023-04-19,68,ProductD,33.56,3,267,Germany,BankTransfer
475,2023-04-20,40,,246.95,1,38,France,Paypal
476,2023-04-21,59,ProductA,17.18,4,98,Australia,cc
477,2023-04-22,80,,461.36,6,429,USA,CreditCard
478,2023-04-23,92,ProductC,488.28,2,370,Germany,credit
479,2023-04-24,16,,118.92,7,457,,Paypal
480,2023-04-25,62,,111.97,32,60,France,CreditCard
481,2023-04-26,4,ProductB,379.32,4,,Germany,BankTransfer
482,2023-04-27,45,ProductA,134.16,4,107,Germany,credit
483,2023-04-28,90,ProductB,4037.31,1,7,UK,cc
484,2023-04-29,28,ProductC,291.23,2,,Germany,BankTransfer
485,2023-04-30,96,ProductA,181.88,9,144,France,credit
486,2023-05-01,66,ProductA,418.02,8,341,Germany,Paypal
487,2023-05-02,31,ProductC,2265.9300000000003,8,91,France,CreditCard
488,2023-05-03,3,ProductA,456.7,9,297,Australia,CreditCard
489,2023-05-04,8,ProductA,464.73,7,462,USA,credit
490,2023-05-05,24,ProductC,91.06,9,164,Germany,BankTransfer
491,2023-05-06,15,ProductA,11.14,2,342,Germany,cc
492,2023-05-07,43,ProductB,492.13,31,96,France,Paypal
493,2023-05-08,31,ProductC,454.01,3,319,UK,credit
494,2023-05-09,73,ProductC,37.17,31,172,France,Paypal
495,2023-05-10,45,,418.19,3,108,Australia,CreditCard
496,2023-05-11,66,ProductC,234.32,8,160,Germany,cc
497,2023-05-12,8,ProductC,136.89,4,92,,Paypal
498,2023-05-13,71,ProductC,440.59,6,461,,credit
499,2023-05-14,57,,957.33,9,203,USA,cc
500,2023-05-15,80,,474.18,2,126,UK,BankTransfer
501,2023-05-16,99,,110.75,2,229,,credit
502,2023-05-17,30,ProductD,310.7,7,164,,Paypal
503,2023-05-18,74,ProductA,119.31,2,380,USA,cc
504,2023-05-19,18,ProductB,277.38,2,496,USA,credit
505,2023-05-20,69,ProductA,345.15,4,224,USA,cc
506,2023-05-21,93,,103.21,9,440,,cc
507,2023-05-22,39,ProductD,2387.07,8,289,USA,cc
508,2023-05-23,60,ProductD,239.84,2,81,Germany,Paypal
509,2023-05-24,98,ProductB,44.81,8,353,Australia,credit
510,2023-05-25,43,,410.97,4,262,USA,CreditCard
511,2023-05-26,45,ProductB,174.48,2,332,France,CreditCard
512,2023-05-27,23,ProductA,291.55,7,454,UK,Paypal
513,2023-05-28,69,ProductB,262.24,6,225,Australia,Paypal
514,2023-05-29,94,ProductC,261.5,5,460,UK,cc
515,2023-05-30,6,ProductC,62.54,1,383,France,credit
516,2023-05-31,56,,217.51,2,250,France,credit
517,2023-06-01,4,ProductA,231.66,8,308,UK,BankTransfer
518,2023-06-02,93,ProductC,369.48,1,167,USA,BankTransfer
519,2023-06-03,23,ProductC,421.61,3,,Germany,CreditCard
520,2023-06-04,6,ProductB,277.04,2,341,UK,BankTransfer
521,2023-06-05,32,,52.52,5,23,Australia,BankTransfer
522,2023-06-06,18,ProductD,126.06,4,167,Australia,CreditCard
523,2023-06-07,15,ProductD,90.82,7,319,Germany,CreditCard
524,2023-06-08,40,,71.06,5,29,France,BankTransfer
525,2023-06-09,96,ProductD,189.29,8,13,France,credit
526,2023-06-10,73,ProductB,122.4,4,230,Australia,BankTransfer
527,2023-06-11,74,ProductD,116.97,6,170,Germany,cc
528,2023-06-12,84,ProductB,36.8,4,224,UK,cc
529,2023-06-13,6,ProductB,18.66,2,135,UK,cc
530,2023-06-14,63,ProductA,60.36,1,85,Germany,Paypal
531,2023-06-15,67,ProductD,94.38,1,352,Germany,cc
532,2023-06-16,11,ProductD,221.18,8,263,Germany,credit
533,2023-06-17,43,ProductB,260.15,4,103,USA,Paypal
534,2023-06-18,17,ProductD,78.89,30,164,France,Paypal
535,2023-06-19,96,,218.14,8,302,UK,cc
536,2023-06-20,4,ProductA,177.46,7,37,USA,BankTransfer
537,2023-06-21,63,ProductB,99.88,8,76,Germany,CreditCard
538,2023-06-22,68,ProductD,13.35,8,38,UK,BankTransfer
539,2023-06-23,81,ProductB,238.84,6,415,Germany,BankTransfer
540,2023-06-24,41,ProductD,345.97,2,384,UK,Paypal
541,2023-06-25,83,ProductA,120.88,6,385,Germany,Paypal
542,2023-06-26,5,ProductC,74.59,1,366,Germany,Paypal
543,2023-06-27,32,ProductD,444.65,1,342,UK,credit
544,2023-06-28,86,ProductD,144.76,3,244,USA,credit
545,2023-06-29,70,,119.57,3,328,Australia,CreditCard
546,2023-06-30,35,,429.98,5,20,Germany,Paypal
547,2023-07-01,22,ProductD,410.38,1,318,Germany,cc
548,2023-07-02,65,ProductD,229.69,6,397,USA,Paypal
549,2023-07-03,84,ProductA,249.73,7,256,Germany,credit
550,2023-07-04,22,ProductC,116.7,3,183,Germany,Paypal
551,2023-07-05,11,ProductA,48.37,4,142,Germany,credit
552,2023-07-06,77,,290.98,3,328,France,Paypal
553,2023-07-07,3,ProductB,58.19,1,354,USA,cc
554,2023-07-08,9,ProductC,230.14,8,445,UK,CreditCard
555,2023-07-09,60,ProductB,470.84,2,175,Australia,cc
556,2023-07-10,76,ProductD,476.89,1,393,,credit
557,2023-07-11,87,,127.27,8,287,USA,BankTransfer
558,2023-07-12,14,ProductB,315.82,7,451,Germany,cc
559,2023-07-13,97,,242.3,7,270,UK,Paypal
560,2023-07-14,18,ProductB,439.09,4,265,USA,CreditCard
561,2023-07-15,73,ProductC,143.0,9,295,UK,Paypal
562,2023-07-16,23,,11.81,6,383,USA,Paypal
563,2023-07-17,74,ProductB,89.65,2,493,France,cc
564,2023-07-18,83,,181.27,1,38,Germany,CreditCard
565,2023-07-19,47,ProductA,164.7,1,28,USA,BankTransfer
566,2023-07-20,69,ProductA,397.77,9,479,USA,Paypal
567,2023-07-21,47,,343.47,4,271,Australia,CreditCard
568,2023-07-22,87,ProductA,156.78,5,314,USA,BankTransfer
569,2023-07-23,30,,234.29,3,247,France,Paypal
570,2023-07-24,25,,56.82,29,48,UK,CreditCard
571,2023-07-25,28,ProductA,4050.81,8,392,Germany,cc
572,2023-07-26,98,ProductC,468.36,4,382,UK,Paypal
573,2023-07-27,25,ProductA,4410.900000000001,9,160,USA,Paypal
574,2023-07-28,74,ProductC,435.59,9,157,UK,CreditCard
575,2023-07-29,78,ProductA,95.24,6,428,USA,Paypal
576,2023-07-30,58,ProductB,32.64,2,37,Germany,BankTransfer
577,2023-07-31,94,ProductB,294.0,7,450,France,Paypal
578,2023-08-01,41,ProductC,457.18,9,131,UK,credit
579,2023-08-02,25,,96.9,6,303,USA,BankTransfer
580,2023-08-03,78,,13.45,3,478,Germany,CreditCard
581,2023-08-04,99,ProductD,404.69,7,346,France,BankTransfer
582,2023-08-05,48,ProductC,47.63,5,212,,credit
583,2023-08-06,98,,212.72,1,352,Germany,credit
584,2023-08-07,10,ProductB,342.65,3,176,Germany,Paypal
585,2023-08-08,99,ProductD,126.03,5,142,Germany,Paypal
586,2023-08-09,75,,51.14,7,,,cc
587,2023-08-10,11,ProductB,387.31,3,384,Australia,BankTransfer
588,2023-08-11,85,ProductD,2869.11,31,329,UK,cc
589,2023-08-12,21,,494.36,5,182,UK,credit
590,2023-08-13,86,,178.71,1,26,UK,Paypal
591,2023-08-14,45,ProductD,40.26,6,16,Germany,Paypal
592,2023-08-15,7,ProductB,369.83,8,283,France,Paypal
593,2023-08-16,81,ProductB,265.65,1,389,Germany,CreditCard
594,2023-08-17,64,ProductA,114.47,2,275,USA,credit
595,2023-08-18,64,ProductD,393.05,4,429,France,Paypal
596,2023-08-19,2,ProductA,109.84,2,18,Australia,credit
597,2023-08-20,76,,1239.48,9,188,UK,Paypal
598,2023-08-21,42,ProductA,55.34,8,121,France,BankTransfer
599,2023-08-22,82,ProductA,205.72,8,229,Germany,credit
600,2023-08-23,54,ProductC,215.28,4,37,Australia,cc
601,2023-08-24,75,ProductD,2359.2599999999998,5,487,Australia,CreditCard
602,2023-08-25,16,ProductA,357.39,4,114,Germany,cc
603,2023-08-26,18,ProductC,4085.91,9,471,France,credit
604,2023-08-27,99,ProductC,77.49,2,218,Australia,Paypal
605,2023-08-28,59,ProductB,36.63,8,,Germany,credit
606,2023-08-29,90,ProductA,19.08,2,283,UK,CreditCard
607,2023-08-30,16,,80.37,1,475,France,credit
608,2023-08-31,6,ProductC,332.4,3,3,UK,Paypal
609,2023-09-01,57,ProductA,366.46,9,382,UK,cc
610,2023-09-02,47,,395.39,3,461,Australia,BankTransfer
611,2023-09-03,48,,129.42,9,72,France,cc
612,2023-09-04,42,ProductD,159.89,7,50,Germany,Paypal
613,2023-09-05,76,ProductC,246.74,1,217,UK,Paypal
614,2023-09-06,60,,40.96,5,477,UK,CreditCard
615,2023-09-07,77,,309.46,9,277,UK,credit
616,2023-09-08,4,ProductD,492.03,3,270,USA,credit
617,2023-09-09,2,ProductC,186.8,9,73,France,cc
618,2023-09-10,90,ProductC,378.9,5,1,UK,BankTransfer
619,2023-09-11,59,ProductD,255.02,9,414,Germany,BankTransfer
620,2023-09-12,27,ProductA,72.63,6,45,UK,CreditCard
621,2023-09-13,27,ProductC,295.3,9,324,,Paypal
622,2023-09-14,79,,156.94,7,467,UK,CreditCard
623,2023-09-15,72,ProductD,26.86,7,107,USA,credit
624,2023-09-16,7,ProductC,321.12,8,340,USA,Paypal
625,2023-09-17,63,ProductD,430.88,7,41,Germany,CreditCard
626,2023-09-18,46,ProductA,178.94,9,309,Germany,cc
627,2023-09-19,63,ProductC,201.24,9,84,Germany,credit
628,2023-09-20,12,ProductD,446.6,6,376,Germany,BankTransfer
629,2023-09-21,13,ProductB,408.67,7,154,USA,CreditCard
630,2023-09-22,43,ProductA,360.33,2,237,Germany,credit
631,2023-09-23,17,,131.91,9,306,Germany,credit
632,2023-09-24,63,ProductB,456.01,1,88,USA,BankTransfer
633,2023-09-25,81,ProductB,85.66,1,379,USA,BankTransfer
634,2023-09-26,36,,317.12,3,155,USA,BankTransfer
635,2023-09-27,85,ProductD,24.11,6,338,USA,CreditCard
636,2023-09-28,8,ProductD,325.42,5,81,France,BankTransfer
637,2023-09-29,69,,145.8,2,352,USA,cc
638,2023-09-30,90,ProductA,230.34,9,66,UK,credit
639,2023-10-01,80,ProductD,179.18,4,218,USA,BankTransfer
640,2023-10-02,36,ProductC,94.65,4,127,,credit
641,2023-10-03,28,,314.77,5,382,Australia,Paypal
642,2023-10-04,93,ProductC,442.17,8,134,UK,Paypal
643,2023-10-05,47,ProductD,479.95,4,450,UK,BankTransfer
644,2023-10-06,76,ProductC,104.25,5,456,UK,credit
645,2023-10-07,30,ProductC,361.51,4,101,Germany,Paypal
646,2023-10-08,23,ProductD,335.53,6,314,USA,BankTransfer
647,2023-10-09,16,ProductD,178.26,3,45,France,credit
648,2023-10-10,14,ProductD,19.36,8,200,Germany,BankTransfer
649,2023-10-11,74,ProductC,348.0,6,364,Australia,credit
650,2023-10-12,71,ProductC,473.29,5,337,USA,Paypal
651,2023-10-13,52,ProductD,2877.66,2,319,Australia,BankTransfer
652,2023-10-14,37,,223.29,7,145,France,Paypal
653,2023-10-15,29,ProductD,267.33,2,193,USA,BankTransfer
654,2023-10-16,67,,107.82,1,53,UK,CreditCard
655,2023-10-17,15,,377.77,7,367,USA,Paypal
656,2023-10-18,47,ProductC,375.75,5,258,UK,Paypal
657,2023-10-19,46,ProductD,81.3,1,362,UK,cc
658,2023-10-20,52,,440.21,4,128,Germany,Paypal
659,2023-10-21,19,ProductD,141.9,4,166,Germany,credit
660,2023-10-22,77,,491.31,7,171,,BankTransfer
661,2023-10-23,21,ProductD,197.62,9,14,USA,CreditCard
662,2023-10-24,64,ProductC,97.16,27,175,,credit
663,2023-10-25,37,ProductB,182.34,1,410,UK,credit
664,2023-10-26,27,ProductC,2031.21,27,458,France,credit
665,2023-10-27,55,,43.96,7,265,UK,credit
666,2023-10-28,29,ProductD,293.33,6,233,USA,CreditCard
667,2023-10-29,20,ProductC,302.84,4,16,Australia,cc
668,2023-10-30,25,,372.08,1,449,UK,Paypal
669,2023-10-31,70,ProductC,24.29,1,7,France,credit
670,2023-11-01,63,ProductC,275.21,5,483,Germany,Paypal
671,2023-11-02,36,ProductD,35.92,1,250,Germany,Paypal
672,2023-11-03,2,ProductD,353.56,7,175,Germany,credit
673,2023-11-04,22,ProductA,37.31,1,472,France,cc
674,2023-11-05,96,ProductC,456.75,1,13,USA,Paypal
675,2023-11-06,16,ProductC,354.02,2,297,France,BankTransfer
676,2023-11-07,18,ProductB,258.62,3,281,Australia,Paypal
677,2023-11-08,69,ProductC,226.34,1,112,USA,credit
678,2023-11-09,54,ProductC,74.03,9,219,USA,CreditCard
679,2023-11-10,30,ProductA,152.59,8,333,France,Paypal
680,2023-11-11,45,ProductC,435.79,5,371,Germany,cc
681,2023-11-12,19,ProductA,453.18,2,1,Germany,BankTransfer
682,2023-11-13,87,ProductC,10.37,5,478,USA,BankTransfer
683,2023-11-14,34,,301.13,6,84,Germany,CreditCard
684,2023-11-15,13,ProductD,362.46,1,120,USA,CreditCard
685,2023-11-16,43,ProductB,313.19,4,135,Germany,Paypal
686,2023-11-17,62,ProductA,50.02,9,20,France,credit
687,2023-11-18,93,ProductB,116.69,2,63,UK,cc
688,2023-11-19,22,ProductC,132.67,5,,Germany,BankTransfer
689,2023-11-20,52,ProductB,417.55,1,161,,CreditCard
690,2023-11-21,52,ProductC,236.97,4,59,France,cc
691,2023-11-22,36,ProductB,248.55,4,55,Australia,credit
692,2023-11-23,73,,468.1,6,368,Germany,BankTransfer
693,2023-11-24,19,ProductB,2899.53,9,437,France,BankTransfer
694,2023-11-25,38,ProductB,450.35,3,132,USA,credit
695,2023-11-26,70,,233.69,9,11,USA,BankTransfer
696,2023-11-27,79,ProductB,83.22,31,114,UK,credit
697,2023-11-28,57,ProductA,465.67,7,29,Germany,BankTransfer
698,2023-11-29,20,ProductC,234.77,2,53,Australia,Paypal
699,2023-11-30,9,ProductC,99.0,6,221,UK,credit
700,2023-12-01,32,ProductD,158.17,6,118,France,cc
701,2023-12-02,4,ProductB,34.89,27,264,France,Paypal
702,2023-12-03,50,ProductC,239.47,2,130,Germany,cc
703,2023-12-04,82,ProductB,428.03,27,480,UK,BankTransfer
704,2023-12-05,5,ProductA,467.45,26,463,Germany,cc
705,2023-12-06,20,,466.98,5,290,UK,Paypal
706,2023-12-07,87,ProductD,71.36,8,181,USA,credit
707,2023-12-08,75,ProductB,197.21,2,195,,CreditCard
708,2023-12-09,37,ProductC,23.83,5,211,USA,cc
709,2023-12-10,22,ProductB,429.03,8,372,USA,CreditCard
710,2023-12-11,58,,185.79,5,231,Australia,cc
711,2023-12-12,68,ProductA,319.25,2,438,UK,cc
712,2023-12-13,93,ProductA,360.3,3,482,France,credit
713,2023-12-14,44,ProductC,220.62,6,172,UK,BankTransfer
714,2023-12-15,34,ProductC,160.16,5,287,UK,Paypal
715,2023-12-16,77,ProductC,481.48,4,49,UK,Paypal
716,2023-12-17,42,ProductA,482.6,4,103,UK,Paypal
717,2023-12-18,9,ProductB,151.82,5,211,Germany,BankTransfer
718,2023-12-19,95,ProductC,245.02,2,106,France,CreditCard
719,2023-12-20,7,ProductB,486.69,9,448,Germany,Paypal
720,2023-12-21,68,,12.39,2,81,,CreditCard
721,2023-12-22,19,ProductA,212.21,2,233,USA,BankTransfer
722,2023-12-23,94,ProductC,59.22,9,310,Germany,BankTransfer
723,2023-12-24,31,ProductD,259.49,3,353,Germany,credit
724,2023-12-25,35,ProductB,22.09,7,196,,Paypal
725,2023-12-26,57,ProductD,209.38,4,444,USA,credit
726,2023-12-27,85,,118.14,6,290,Germany,Paypal
727,2023-12-28,61,ProductA,271.32,4,225,Australia,BankTransfer
728,2023-12-29,31,,498.04,7,35,UK,BankTransfer
729,2023-12-30,83,ProductC,3620.34,1,238,Australia,cc
730,2023-12-31,95,ProductB,424.36,3,419,USA,cc
731,2024-01-01,53,ProductC,321.28,3,314,France,BankTransfer
732,2024-01-02,32,ProductB,30.36,1,425,,BankTransfer
733,2024-01-03,66,ProductD,111.33,6,253,France,CreditCard
734,2024-01-04,59,ProductD,463.28,9,61,Germany,CreditCard
735,2024-01-05,10,,189.4,8,7,USA,credit
736,2024-01-06,2,,60.78,7,155,,cc
737,2024-01-07,66,ProductD,354.18,8,357,Germany,cc
738,2024-01-08,60,ProductD,156.73,6,404,USA,BankTransfer
739,2024-01-09,88,ProductB,1275.66,9,151,France,BankTransfer
740,2024-01-10,17,ProductC,499.01,3,253,Germany,credit
741,2024-01-11,96,ProductA,430.49,9,215,USA,cc
742,2024-01-12,16,ProductD,209.89,4,210,UK,CreditCard
743,2024-01-13,16,ProductC,490.33,7,119,USA,Paypal
744,2024-01-14,46,ProductA,328.56,34,70,Germany,credit
745,2024-01-15,39,ProductA,373.59,2,101,France,Paypal
746,2024-01-16,31,ProductB,25.44,2,29,Germany,CreditCard
747,2024-01-17,88,ProductC,69.59,9,102,Australia,CreditCard
748,2024-01-18,1,ProductC,320.21,3,5,Australia,Paypal
749,2024-01-19,11,ProductD,450.52,9,321,France,credit
750,2024-01-20,85,ProductC,315.63,5,162,USA,Paypal
751,2024-01-21,4,ProductD,75.67,6,497,France,credit
752,2024-01-22,71,ProductB,66.72,2,99,Germany,credit
753,2024-01-23,26,ProductA,423.65,8,177,Germany,BankTransfer
754,2024-01-24,50,ProductC,78.26,9,183,France,cc
755,2024-01-25,12,ProductC,264.91,2,5,UK,cc
756,2024-01-26,95,ProductA,28.19,6,429,,CreditCard
757,2024-01-27,81,ProductB,49.53,6,17,USA,BankTransfer
758,2024-01-28,97,ProductA,339.45,8,480,France,cc
759,2024-01-29,75,ProductC,347.7,5,456,USA,credit
760,2024-01-30,92,ProductB,177.32,9,274,,credit
761,2024-01-31,96,ProductD,115.65,1,278,USA,Paypal
762,2024-02-01,65,,408.72,9,334,USA,Paypal
763,2024-02-02,47,ProductB,116.38,32,198,UK,credit
764,2024-02-03,92,,275.59,4,331,UK,credit
765,2024-02-04,53,ProductC,484.42,3,23,UK,Paypal
766,2024-02-05,71,ProductD,82.45,6,28,Germany,cc
767,2024-02-06,2,ProductD,471.03,1,234,Germany,CreditCard
768,2024-02-07,24,ProductD,99.62,3,281,USA,Paypal
769,2024-02-08,4,ProductC,288.05,2,453,UK,cc
770,2024-02-09,19,ProductC,194.73,9,54,Australia,cc
771,2024-02-10,26,ProductA,482.82,3,420,France,cc
772,2024-02-11,75,ProductA,144.04,2,108,France,BankTransfer
773,2024-02-12,40,ProductB,205.83,4,202,France,BankTransfer
774,2024-02-13,50,ProductB,491.6,2,162,UK,cc
775,2024-02-14,43,ProductB,272.87,1,205,USA,credit
776,2024-02-15,75,ProductA,256.29,6,77,UK,BankTransfer
777,2024-02-16,67,ProductD,1226.79,8,257,Australia,Paypal
778,2024-02-17,12,,353.67,2,410,,BankTransfer
779,2024-02-18,67,,17.04,34,226,Germany,credit
780,2024-02-19,27,ProductC,34.26,3,251,USA,CreditCard
781,2024-02-20,54,ProductD,303.69,8,434,USA,BankTransfer
782,2024-02-21,66,,177.42,8,361,UK,cc
783,2024-02-22,49,ProductC,477.13,3,251,Germany,cc
784,2024-02-23,16,ProductB,452.56,3,132,USA,cc
785,2024-02-24,2,,359.72,6,452,,CreditCard
786,2024-02-25,60,ProductC,410.89,1,295,UK,credit
787,2024-02-26,54,ProductC,336.99,4,113,,Paypal
788,2024-02-27,30,ProductA,71.54,1,138,France,credit
789,2024-02-28,84,ProductA,385.12,28,410,France,CreditCard
790,2024-02-29,38,,112.99,9,23,France,cc
791,2024-03-01,28,ProductD,168.49,5,,France,credit
792,2024-03-02,25,ProductB,411.42,5,67,France,Paypal
793,2024-03-03,96,ProductA,272.9,4,407,France,cc
794,2024-03-04,10,ProductC,431.37,3,202,Germany,Paypal
795,2024-03-05,60,ProductC,114.39,5,252,,BankTransfer
796,2024-03-06,42,ProductB,307.81,4,450,France,Paypal
797,2024-03-07,40,,51.06,8,211,France,cc
798,2024-03-08,97,ProductA,325.1,4,275,Australia,BankTransfer
799,2024-03-09,77,ProductB,383.64,8,26,UK,cc
800,2024-03-10,42,ProductD,296.62,6,2,USA,cc
801,2024-03-11,47,ProductB,140.45,5,125,Germany,BankTransfer
802,2024-03-12,37,,25.36,4,348,Germany,Paypal
803,2024-03-13,80,ProductD,68.53,4,62,Australia,CreditCard
804,2024-03-14,22,ProductD,314.93,4,59,Germany,CreditCard
805,2024-03-15,57,ProductA,467.87,9,210,Germany,CreditCard
806,2024-03-16,84,ProductA,111.2,4,331,Germany,CreditCard
807,2024-03-17,27,ProductB,370.16,9,364,USA,credit
808,2024-03-18,41,ProductC,434.56,6,92,France,CreditCard
809,2024-03-19,80,ProductD,265.23,7,41,Australia,BankTransfer
810,2024-03-20,34,,337.94,3,480,USA,CreditCard
811,2024-03-21,32,ProductD,409.36,8,133,Germany,cc
812,2024-03-22,90,,137.73,3,436,Germany,CreditCard
813,2024-03-23,89,ProductD,155.48,1,441,USA,Paypal
814,2024-03-24,66,ProductB,92.79,5,395,USA,BankTransfer
815,2024-03-25,12,ProductB,481.92,2,87,,BankTransfer
816,2024-03-26,40,ProductD,459.6,31,420,UK,credit
817,2024-03-27,73,ProductA,384.64,9,393,UK,cc
818,2024-03-28,76,ProductA,48.75,1,305,USA,BankTransfer
819,2024-03-29,90,ProductC,229.28,4,173,France,Paypal
820,2024-03-30,73,,59.93,1,134,France,CreditCard
821,2024-03-31,10,ProductA,17.8,1,63,France,BankTransfer
822,2024-04-01,96,ProductD,311.93,8,261,USA,Paypal
823,2024-04-02,98,,480.81,2,299,Australia,CreditCard
824,2024-04-03,48,ProductC,452.41,1,184,UK,credit
825,2024-04-04,20,ProductA,351.41,8,243,UK,BankTransfer
826,2024-04-05,39,ProductA,57.35,4,186,Germany,BankTransfer
827,2024-04-06,60,ProductD,144.34,3,328,UK,Paypal
828,2024-04-07,66,ProductD,166.83,4,460,Australia,cc
829,2024-04-08,65,,3455.46,5,84,,credit
830,2024-04-09,51,ProductC,403.1,1,195,UK,cc
831,2024-04-10,36,ProductA,198.7,1,72,Australia,BankTransfer
832,2024-04-11,24,ProductA,214.76,3,319,France,cc
833,2024-04-12,27,ProductD,31.81,6,372,,CreditCard
834,2024-04-13,2,ProductA,151.68,1,476,UK,credit
835,2024-04-14,31,ProductB,2080.17,2,143,Germany,cc
836,2024-04-15,57,ProductC,67.32,7,485,UK,CreditCard
837,2024-04-16,78,ProductA,232.1,1,33,Australia,Paypal
838,2024-04-17,66,ProductB,428.06,7,308,USA,cc
839,2024-04-18,29,ProductC,294.85,4,30,Germany,credit
840,2024-04-19,15,ProductB,48.68,6,457,UK,CreditCard
841,2024-04-20,12,ProductA,103.92,8,271,UK,cc
842,2024-04-21,28,ProductD,242.53,9,342,France,Paypal
843,2024-04-22,84,,187.13,6,425,Australia,cc
844,2024-04-23,24,ProductB,185.78,9,77,France,CreditCard
845,2024-04-24,21,ProductD,269.34,4,20,Australia,cc
846,2024-04-25,10,ProductB,296.35,31,449,UK,credit
847,2024-04-26,78,ProductC,400.46,8,161,Germany,BankTransfer
848,2024-04-27,18,,177.07,9,66,Germany,CreditCard
849,2024-04-28,88,ProductD,404.68,3,240,USA,CreditCard
850,2024-04-29,14,,175.92,2,306,Germany,CreditCard
851,2024-04-30,34,ProductA,37.16,6,16,France,CreditCard
852,2024-05-01,58,ProductA,281.55,4,141,Germany,cc
853,2024-05-02,76,,298.07,1,17,France,credit
854,2024-05-03,22,ProductB,467.92,8,215,Germany,Paypal
855,2024-05-04,70,ProductB,365.77,9,457,USA,credit
856,2024-05-05,36,ProductD,459.71,9,,USA,CreditCard
857,2024-05-06,45,,455.09,2,326,Germany,cc
858,2024-05-07,36,,306.24,9,83,UK,cc
859,2024-05-08,22,ProductB,268.6,7,463,USA,CreditCard
860,2024-05-09,78,,283.15,30,264,Germany,cc
861,2024-05-10,80,ProductA,489.38,7,79,Germany,CreditCard
862,2024-05-11,61,ProductA,388.85,9,471,UK,credit
863,2024-05-12,56,ProductD,62.07,8,387,France,BankTransfer
864,2024-05-13,89,ProductA,391.43,6,374,France,cc
865,2024-05-14,96,ProductB,93.56,4,362,UK,CreditCard
866,2024-05-15,33,ProductD,229.2,1,103,France,CreditCard
867,2024-05-16,45,ProductB,113.13,6,108,France,cc
868,2024-05-17,36,ProductA,347.9,3,352,France,Paypal
869,2024-05-18,20,ProductB,439.88,6,113,Germany,CreditCard
870,2024-05-19,18,ProductC,152.28,6,224,USA,cc
871,2024-05-20,38,ProductC,50.19,4,399,France,CreditCard
872,2024-05-21,67,ProductD,156.26,2,400,UK,Paypal
873,2024-05-22,23,ProductD,339.46,9,232,,BankTransfer
874,2024-05-23,96,ProductC,171.09,2,405,Australia,Paypal
875,2024-05-24,16,,146.27,3,428,Germany,credit
876,2024-05-25,59,ProductA,100.37,1,335,UK,cc
877,2024-05-26,69,ProductB,253.78,7,117,UK,Paypal
878,2024-05-27,68,,145.21,1,140,UK,BankTransfer
879,2024-05-28,21,ProductB,368.2,9,161,Germany,CreditCard
880,2024-05-29,78,,47.54,1,60,UK,cc
881,2024-05-30,95,ProductC,335.38,5,140,Germany,Paypal
882,2024-05-31,78,ProductD,126.4,7,107,USA,BankTransfer
883,2024-06-01,70,ProductC,249.75,3,233,,Paypal
884,2024-06-02,12,ProductC,150.18,9,464,USA,credit
885,2024-06-03,16,ProductB,364.16,8,54,,cc
886,2024-06-04,81,ProductD,473.2,3,368,,CreditCard
887,2024-06-05,87,ProductC,459.37,5,351,Germany,BankTransfer
888,2024-06-06,14,,295.88,7,49,France,Paypal
889,2024-06-07,61,ProductB,236.68,4,471,Germany,cc
890,2024-06-08,71,ProductA,410.97,5,291,France,Paypal
891,2024-06-09,46,ProductB,344.83,3,186,UK,cc
892,2024-06-10,32,ProductD,99.95,34,386,UK,credit
893,2024-06-11,15,,412.25,9,132,Germany,Paypal
894,2024-06-12,44,ProductB,220.15,7,354,Germany,credit
895,2024-06-13,17,ProductD,102.6,2,21,Germany,BankTransfer
896,2024-06-14,41,ProductB,148.08,7,429,UK,credit
897,2024-06-15,54,ProductD,141.09,7,229,UK,cc
898,2024-06-16,44,,264.41,5,325,USA,BankTransfer
899,2024-06-17,98,ProductB,124.84,9,113,USA,Paypal
900,2024-06-18,5,ProductC,70.55,3,346,UK,Paypal
901,2024-06-19,27,,70.61,4,395,USA,cc
902,2024-06-20,87,,295.81,1,242,USA,CreditCard
903,2024-06-21,78,ProductC,370.03,6,316,Australia,CreditCard
904,2024-06-22,79,ProductC,167.55,4,233,USA,Paypal
905,2024-06-23,43,ProductB,26.98,1,457,France,cc
906,2024-06-24,97,ProductC,72.34,2,255,UK,CreditCard
907,2024-06-25,31,,458.2,3,430,Australia,credit
908,2024-06-26,99,ProductD,251.84,9,409,Germany,Paypal
909,2024-06-27,17,ProductB,232.25,8,210,UK,credit
910,2024-06-28,92,ProductB,28.64,7,118,Germany,cc
911,2024-06-29,83,ProductB,367.03,29,208,UK,credit
912,2024-06-30,54,ProductA,268.75,1,422,Germany,CreditCard
913,2024-07-01,62,ProductA,109.02,8,117,USA,CreditCard
914,2024-07-02,87,ProductC,63.94,29,268,,BankTransfer
915,2024-07-03,32,ProductA,197.86,3,412,Germany,Paypal
916,2024-07-04,40,ProductA,420.21,9,181,UK,cc
917,2024-07-05,13,ProductC,433.99,4,328,France,Paypal
918,2024-07-06,84,ProductA,305.39,4,126,UK,credit
919,2024-07-07,35,ProductA,366.49,9,56,Australia,cc
920,2024-07-08,5,ProductB,597.8700000000001,2,406,Germany,cc
921,2024-07-09,73,ProductB,298.18,5,51,France,CreditCard
922,2024-07-10,29,ProductC,336.81,4,139,USA,credit
923,2024-07-11,70,ProductA,108.35,9,437,Australia,CreditCard
924,2024-07-12,25,ProductD,441.28,5,177,France,CreditCard
925,2024-07-13,95,,105.55,9,497,UK,BankTransfer
926,2024-07-14,22,ProductD,163.6,9,500,USA,CreditCard
927,2024-07-15,66,ProductC,314.07,2,137,UK,Paypal
928,2024-07-16,45,,322.79,9,21,,cc
929,2024-07-17,69,ProductD,352.7,3,360,UK,CreditCard
930,2024-07-18,91,ProductA,64.89,4,231,Germany,Paypal
931,2024-07-19,89,ProductB,426.24,1,52,USA,credit
932,2024-07-20,72,,271.1,1,361,UK,cc
933,2024-07-21,1,ProductB,240.95,1,16,Germany,credit
934,2024-07-22,84,ProductA,490.74,9,444,,Paypal
935,2024-07-23,44,ProductD,372.79,8,71,Germany,credit
936,2024-07-24,87,,67.82,5,65,Australia,credit
937,2024-07-25,96,ProductA,380.7,5,90,Germany,credit
938,2024-07-26,75,ProductC,56.67,9,490,USA,CreditCard
939,2024-07-27,39,ProductA,23.46,3,354,UK,CreditCard
940,2024-07-28,54,ProductD,207.78,3,409,Germany,CreditCard
941,2024-07-29,88,ProductB,496.85,7,203,,cc
942,2024-07-30,75,ProductB,95.69,9,172,Australia,Paypal
943,2024-07-31,29,,339.6,6,120,UK,CreditCard
944,2024-08-01,54,ProductC,94.96,2,246,UK,credit
945,2024-08-02,90,ProductD,365.15,1,282,UK,credit
946,2024-08-03,16,ProductC,257.62,2,323,,credit
947,2024-08-04,99,ProductB,343.19,1,132,Australia,credit
948,2024-08-05,20,ProductD,109.41,9,485,France,BankTransfer
949,2024-08-06,46,ProductA,375.36,8,87,UK,cc
950,2024-08-07,67,ProductB,497.85,7,493,Germany,Paypal
951,2024-08-08,65,ProductB,336.17,3,8,Germany,Paypal
952,2024-08-09,58,ProductD,2266.29,8,246,UK,CreditCard
953,2024-08-10,53,,462.36,2,171,Germany,BankTransfer
954,2024-08-11,1,,17.77,2,230,USA,Paypal
955,2024-08-12,81,ProductC,3308.94,3,292,USA,cc
956,2024-08-13,66,ProductB,445.49,7,223,Australia,credit
957,2024-08-14,29,ProductC,40.22,1,212,France,CreditCard
958,2024-08-15,84,,230.53,8,374,Germany,cc
959,2024-08-16,70,ProductB,110.31,7,350,Germany,Paypal
960,2024-08-17,8,,287.59,4,426,UK,BankTransfer
961,2024-08-18,29,ProductB,328.28,5,128,France,CreditCard
962,2024-08-19,51,,158.29,1,311,France,Paypal
963,2024-08-20,33,,235.39,4,299,France,CreditCard
964,2024-08-21,3,,146.88,1,189,France,Paypal
965,2024-08-22,60,ProductB,191.0,1,248,UK,credit
966,2024-08-23,35,ProductA,793.53,1,161,UK,BankTransfer
967,2024-08-24,69,ProductB,443.92,7,73,Germany,credit
968,2024-08-25,91,ProductB,14.91,7,110,UK,Paypal
969,2024-08-26,76,ProductA,442.38,4,54,France,cc
970,2024-08-27,84,ProductC,290.12,2,349,UK,credit
971,2024-08-28,20,ProductC,172.51,3,338,USA,cc
972,2024-08-29,73,ProductD,364.3,8,486,UK,Paypal
973,2024-08-30,39,ProductD,258.8,8,373,,BankTransfer
974,2024-08-31,4,ProductA,254.56,6,27,UK,cc
975,2024-09-01,19,,63.97,9,452,France,Paypal
976,2024-09-02,91,ProductA,200.86,9,441,Germany,cc
977,2024-09-03,45,ProductC,128.12,4,227,USA,credit
978,2024-09-04,43,ProductC,17.69,1,299,Germany,Paypal
979,2024-09-05,13,,186.45,1,498,France,credit
980,2024-09-06,13,ProductA,54.01,5,272,Germany,CreditCard
981,2024-09-07,60,ProductC,135.85,2,462,Australia,Paypal
982,2024-09-08,57,ProductD,55.33,6,43,UK,cc
983,2024-09-09,86,ProductB,59.46,7,98,USA,CreditCard
984,2024-09-10,92,ProductD,107.52,1,225,,credit
985,2024-09-11,52,,499.93,6,299,UK,credit
986,2024-09-12,53,,11.07,8,417,Germany,cc
987,2024-09-13,86,ProductA,322.95,5,,France,CreditCard
988,2024-09-14,43,ProductB,79.21,7,199,UK,BankTransfer
989,2024-09-15,83,ProductB,461.11,6,25,France,cc
990,2024-09-16,72,ProductB,55.88,4,409,USA,credit
991,2024-09-17,72,ProductB,477.98,7,309,UK,Paypal
992,2024-09-18,42,ProductB,309.35,9,102,USA,CreditCard
993,2024-09-19,90,,10.62,7,253,Australia,BankTransfer
994,2024-09-20,26,,448.06,5,379,UK,Paypal
995,2024-09-21,23,ProductA,265.64,7,394,France,CreditCard
996,2024-09-22,43,ProductB,138.71,3,255,,cc
997,2024-09-23,77,ProductC,3473.7300000000005,27,156,Germany,cc
998,2024-09-24,28,ProductB,464.07,5,497,Germany,CreditCard
999,2024-09-25,9,ProductD,247.01,4,339,Germany,BankTransfer
1000,2024-09-26,20,ProductD,164.62,5,209,UK,CreditCard
