"account_length","plan_type","minutes_used","num_calls","age","gender","region","churn_status"
208,"Ultimate",358.94720018561,195,40,"Male","West","Yes"
256,"Ultimate",513.597757078262,51,73,"Female","West","Yes"
228,"Basic",419.739682290301,38,53,"Male","West","Yes"
63,"Ultimate",557.387490627873,147,78,"Male","North","No"
244,"Premium",354.769611428622,98,56,"Male","East","No"
219,"Premium",661.086624388825,154,80,"Male","East","No"
99,"Premium",641.490308720653,111,22,"Female","West","No"
167,"Ultimate",399.042871373603,150,34,"Male","West","Yes"
92,"Basic",641.907815577158,101,50,"Female","South","Yes"
278,"Basic",354.883756195284,70,53,"Male","West","No"
293,"Premium",465.595253356272,144,34,"Male","West","Yes"
63,"Premium",491.14931358583,165,35,"Male","East","No"
167,"Ultimate",592.942813439965,44,61,"Female","East","Yes"
202,"Premium",561.274739875568,37,78,"Male","North","No"
139,"Premium",349.582607848135,134,37,"Female","West","No"
140,"Basic",428.590775137539,146,26,"Female","East","No"
246,"Ultimate",480.420746816338,151,80,"Female","West","Yes"
292,"Basic",556.433701163242,157,19,"Female","West","No"
140,"Ultimate",625.732498956591,38,61,"Female","South","Yes"
234,"Ultimate",436.540716519692,185,43,"Female","North","Yes"
141,"Ultimate",542.4232788028,168,20,"Female","East","Yes"
298,"Ultimate",518.003118571947,183,22,"Female","West","No"
186,"Premium",477.040508057537,135,39,"Male","North","Yes"
270,"Premium",492.679228820634,90,77,"Female","East","Yes"
148,"Basic",431.782757194587,52,76,"Male","West","Yes"
121,"Basic",491.511070062367,181,49,"Male","West","Yes"
75,"Ultimate",658.243402104677,32,43,"Male","East","Yes"
56,"Premium",259.297516926742,118,18,"Male","East","No"
219,"Basic",468.805209994587,131,23,"Female","East","No"
186,"Premium",391.795555294579,128,26,"Female","South","No"
260,"Premium",582.164386583994,51,63,"Male","West","No"
213,"Premium",555.542647053691,31,38,"Male","North","No"
127,"Basic",267.797258306114,23,63,"Male","East","Yes"
130,"Ultimate",492.719711002384,70,66,"Female","East","No"
92,"Ultimate",759.656748722506,95,39,"Female","East","No"
152,"Premium",511.351007466535,131,57,"Female","East","No"
166,"Premium",628.789062211632,148,35,"Male","East","No"
125,"Premium",527.85651051995,135,42,"Female","South","Yes"
192,"Basic",637.976836997108,108,28,"Male","West","No"
81,"Ultimate",451.096543458602,100,37,"Male","West","Yes"
283,"Basic",540.590883744956,35,69,"Female","West","Yes"
158,"Premium",491.239234744578,21,77,"Male","South","Yes"
56,"Ultimate",545.376379990828,90,44,"Female","South","Yes"
186,"Basic",274.575276771695,83,26,"Female","East","Yes"
218,"Basic",372.249940904411,50,75,"Male","South","No"
123,"Premium",483.505859553416,78,54,"Male","West","Yes"
72,"Ultimate",458.541826237572,193,27,"Male","South","Yes"
204,"Basic",595.288095707738,162,69,"Female","West","Yes"
237,"Premium",469.981754952438,163,53,"Female","South","Yes"
102,"Basic",498.931126273833,58,35,"Female","North","Yes"
184,"Basic",601.912547691678,143,52,"Male","South","Yes"
102,"Ultimate",567.567316091774,119,37,"Female","North","No"
204,"Ultimate",472.250194688084,51,28,"Male","West","Yes"
273,"Ultimate",565.390913911004,93,70,"Female","North","No"
215,"Ultimate",508.035019013002,29,57,"Female","East","No"
266,"Ultimate",545.59026069188,84,44,"Female","South","Yes"
83,"Premium",583.453206045792,193,52,"Male","East","No"
270,"Ultimate",430.72760253967,119,34,"Female","West","Yes"
118,"Premium",342.821227084346,59,51,"Male","North","Yes"
121,"Ultimate",596.750737984717,94,36,"Male","North","No"
125,"Premium",340.552486914402,25,40,"Female","West","Yes"
112,"Ultimate",520.245225694633,68,52,"Female","North","No"
190,"Premium",458.826196577164,159,68,"Female","East","Yes"
259,"Premium",575.079813169561,74,46,"Male","South","Yes"
146,"Ultimate",725.610717085601,48,45,"Male","East","Yes"
298,"Premium",433.813010777177,20,80,"Male","South","No"
140,"Basic",487.588566753048,21,72,"Male","North","Yes"
202,"Ultimate",526.939593346158,199,59,"Female","North","Yes"
87,"Basic",415.542604375175,68,69,"Female","West","Yes"
70,"Ultimate",458.627765665183,83,73,"Male","East","No"
256,"Premium",371.386835322736,183,30,"Male","East","Yes"
90,"Basic",332.877211213127,90,66,"Male","North","Yes"
224,"Basic",405.962275268147,109,35,"Female","East","No"
139,"Ultimate",522.32326616406,197,37,"Female","East","No"
109,"Basic",498.63341620207,136,64,"Male","South","No"
272,"Premium",404.212189474825,35,43,"Male","North","Yes"
65,"Ultimate",453.314791241763,171,51,"Female","North","No"
165,"Ultimate",450.413142935533,148,52,"Male","South","No"
143,"Premium",433.962856644487,153,55,"Male","West","No"
55,"Premium",395.647885455934,89,23,"Female","West","Yes"
284,"Premium",532.151997145518,142,44,"Female","East","Yes"
249,"Ultimate",554.514687720309,163,67,"Male","East","Yes"
135,"Ultimate",436.390237682698,53,26,"Female","West","No"
135,"Ultimate",637.638412297219,33,54,"Female","South","Yes"
88,"Premium",601.251924845691,78,31,"Male","South","No"
208,"Basic",446.010486003453,42,35,"Male","North","No"
289,"Ultimate",392.758211625104,148,70,"Male","West","No"
258,"Ultimate",542.891268361738,87,67,"Female","East","Yes"
167,"Ultimate",451.754210162634,174,20,"Male","West","No"
99,"Ultimate",490.93534287618,62,38,"Female","West","No"
290,"Ultimate",579.184755037233,113,21,"Male","West","No"
83,"Ultimate",506.875465348292,49,48,"Female","East","Yes"
53,"Basic",438.603355551193,167,34,"Female","East","No"
62,"Basic",428.581876096523,39,33,"Male","South","Yes"
118,"Basic",532.424951331548,83,61,"Male","South","No"
295,"Basic",534.328235005793,20,39,"Male","West","Yes"
176,"Basic",456.038059188237,51,48,"Male","West","No"
292,"Premium",534.509672040133,93,36,"Female","East","No"
202,"Basic",408.024026162848,121,60,"Male","West","No"
101,"Premium",678.311081665491,97,66,"Male","South","No"
71,"Premium",357.828810360864,84,60,"Male","East","Yes"
138,"Ultimate",664.218336197998,186,34,"Female","West","No"
209,"Ultimate",512.423688818055,158,76,"Male","West","Yes"
287,"Basic",500.112331300115,186,71,"Male","West","Yes"
74,"Premium",367.102407730194,48,48,"Male","East","Yes"
264,"Premium",577.972661545019,193,52,"Male","North","Yes"
84,"Basic",629.044748552405,88,59,"Male","South","Yes"
217,"Ultimate",397.943221959324,193,61,"Female","North","Yes"
161,"Ultimate",570.47045402126,63,42,"Male","West","Yes"
79,"Premium",632.875193329595,59,31,"Male","South","No"
189,"Basic",671.664909527313,179,32,"Male","South","Yes"
208,"Ultimate",414.041381031314,90,67,"Male","East","Yes"
170,"Premium",398.644970644051,119,40,"Male","East","No"
159,"Basic",477.975376348135,116,51,"Female","West","Yes"
207,"Ultimate",515.882310712791,181,27,"Male","South","Yes"
113,"Premium",413.072594549241,20,27,"Male","West","Yes"
276,"Premium",426.936231137342,30,73,"Female","North","No"
191,"Premium",611.163317335718,187,35,"Male","West","Yes"
270,"Premium",483.361863407797,67,60,"Male","West","No"
273,"Premium",596.769527166576,160,61,"Female","East","No"
248,"Basic",450.168060465061,36,22,"Female","South","No"
116,"Basic",592.688584130769,129,54,"Female","East","No"
200,"Ultimate",508.114309995741,158,26,"Male","North","No"
295,"Basic",488.554149025452,77,46,"Male","West","Yes"
171,"Basic",313.500197997078,69,20,"Male","West","Yes"
128,"Ultimate",357.804284734651,161,60,"Male","South","No"
134,"Basic",571.084137010319,31,43,"Male","South","Yes"
214,"Premium",370.518603243813,151,45,"Female","North","No"
185,"Ultimate",393.396730774854,132,70,"Female","East","Yes"
100,"Ultimate",516.343237365726,78,31,"Male","North","Yes"
123,"Premium",591.545948978001,143,66,"Male","South","Yes"
227,"Premium",470.623563707263,62,62,"Male","South","No"
155,"Basic",582.99905534138,46,29,"Male","South","Yes"
285,"Ultimate",374.067785494491,69,31,"Female","West","No"
147,"Ultimate",600.316941443099,95,38,"Male","East","Yes"
123,"Basic",576.297414645726,28,27,"Female","South","Yes"
263,"Ultimate",446.676060106304,163,38,"Male","North","No"
176,"Basic",530.642086688249,145,22,"Male","North","Yes"
253,"Basic",620.53838262019,47,41,"Male","East","Yes"
261,"Premium",399.727421310853,111,35,"Female","East","Yes"
223,"Basic",410.775407579026,143,27,"Male","West","Yes"
66,"Basic",503.014891127198,96,71,"Male","South","Yes"
239,"Basic",457.800142388191,137,25,"Male","East","Yes"
95,"Basic",475.257490025789,22,49,"Male","West","Yes"
103,"Basic",564.415115004848,31,72,"Female","South","No"
212,"Basic",521.851336485956,107,26,"Male","North","No"
281,"Ultimate",652.490474086339,39,22,"Male","West","Yes"
159,"Ultimate",397.595328969605,163,78,"Female","North","No"
292,"Basic",551.950064514529,52,57,"Female","North","No"
143,"Basic",502.474207216196,190,43,"Male","South","Yes"
128,"Ultimate",402.935049595921,199,65,"Male","East","Yes"
73,"Premium",330.398043641382,163,18,"Male","West","Yes"
162,"Premium",566.282028634118,54,67,"Male","North","No"
264,"Ultimate",491.706904040381,34,61,"Female","West","Yes"
156,"Ultimate",370.850417209835,59,59,"Male","North","No"
184,"Premium",529.276336035325,36,33,"Female","East","No"
270,"Ultimate",490.20906078162,41,49,"Male","West","Yes"
256,"Ultimate",659.774603514018,177,80,"Female","South","No"
200,"Basic",407.434531219709,188,18,"Female","North","No"
203,"Premium",584.068489983298,125,30,"Male","South","No"
151,"Premium",435.894492663266,32,36,"Male","East","No"
287,"Premium",354.108437998588,76,36,"Female","South","No"
209,"Premium",617.781776101491,120,68,"Female","East","Yes"
184,"Basic",272.07804150174,20,45,"Female","East","No"
204,"Basic",527.220784493045,199,43,"Female","South","No"
219,"Premium",555.107436940952,50,39,"Female","South","Yes"
54,"Premium",540.475454380206,181,51,"Female","South","Yes"
119,"Basic",439.616710212537,61,62,"Male","West","Yes"
65,"Ultimate",407.796899485721,145,29,"Female","North","No"
73,"Basic",547.991072230901,24,62,"Male","West","Yes"
81,"Ultimate",510.588156759606,150,61,"Female","West","No"
70,"Ultimate",385.962204669848,152,43,"Male","East","Yes"
104,"Premium",402.851417765643,128,57,"Male","South","Yes"
124,"Ultimate",393.034818497449,96,62,"Female","South","No"
213,"Ultimate",309.782297796509,25,42,"Male","West","No"
285,"Ultimate",605.386673938073,93,46,"Female","South","Yes"
287,"Basic",486.026963244017,133,35,"Female","South","No"
132,"Ultimate",461.940202088566,172,32,"Male","North","No"
266,"Basic",647.619746411709,62,20,"Female","North","Yes"
88,"Ultimate",561.072733838952,39,72,"Male","West","No"
103,"Basic",655.685695685373,162,25,"Female","East","No"
267,"Basic",727.908228193014,58,54,"Female","East","Yes"
186,"Premium",452.819343017429,150,61,"Male","East","Yes"
248,"Premium",521.268648427526,107,70,"Male","South","No"
275,"Basic",766.626360691783,80,74,"Male","East","No"
97,"Basic",590.209470602399,38,73,"Male","North","Yes"
126,"Basic",718.640773262098,184,21,"Female","North","Yes"
132,"Ultimate",559.532004855659,66,71,"Male","South","Yes"
233,"Basic",533.2761273185,73,24,"Female","South","Yes"
293,"Basic",639.922709008404,26,57,"Female","North","No"
160,"Premium",606.303044898296,35,76,"Female","South","Yes"
88,"Basic",479.068634398838,24,59,"Female","South","No"
245,"Basic",499.840492415907,171,49,"Male","East","No"
50,"Ultimate",459.699493799877,131,20,"Male","North","No"
217,"Premium",632.470407017108,134,28,"Male","West","Yes"
79,"Ultimate",446.886869103807,189,71,"Female","West","No"
143,"Premium",516.777514105146,52,26,"Male","South","Yes"
293,"Ultimate",374.606177697047,135,20,"Male","South","Yes"
266,"Basic",637.459925253031,55,67,"Female","East","Yes"
65,"Premium",630.785594599729,46,77,"Female","West","No"
137,"Premium",403.459528101252,39,23,"Female","North","Yes"
103,"Premium",381.644247115868,156,34,"Male","South","No"
252,"Premium",576.339802103772,88,64,"Female","South","No"
225,"Premium",481.462200856391,154,80,"Male","South","No"
69,"Basic",492.064494087208,200,80,"Female","South","No"
153,"Ultimate",570.220997357684,52,65,"Male","West","No"
244,"Premium",602.610781140145,71,19,"Male","North","Yes"
142,"Ultimate",409.512876317432,21,28,"Female","East","No"
213,"Premium",282.445352844058,126,66,"Female","West","Yes"
101,"Basic",582.760512804032,20,65,"Female","East","No"
157,"Ultimate",372.831813602504,128,78,"Male","North","Yes"
71,"Premium",507.19471596495,178,52,"Female","South","No"
226,"Ultimate",381.606128214812,189,56,"Male","East","No"
91,"Premium",513.138206774168,133,64,"Male","South","No"
108,"Ultimate",485.014756984274,23,51,"Female","North","No"
133,"Ultimate",641.60434521694,55,65,"Male","East","Yes"
60,"Premium",490.342125150728,181,51,"Female","West","Yes"
170,"Premium",444.221151422037,163,61,"Female","South","Yes"
232,"Premium",468.154166472655,79,51,"Male","West","No"
185,"Ultimate",477.94580877896,163,76,"Female","East","No"
95,"Basic",442.035185645096,187,45,"Female","North","No"
134,"Basic",518.891798600096,137,73,"Male","East","Yes"
158,"Basic",464.873487655815,118,26,"Male","East","Yes"
243,"Ultimate",475.544873752052,133,63,"Male","West","Yes"
156,"Basic",609.47937862701,190,74,"Female","East","Yes"
126,"Premium",348.921722629628,164,54,"Female","South","Yes"
223,"Ultimate",450.354923201253,35,23,"Male","South","Yes"
247,"Basic",561.989575738045,181,21,"Female","South","No"
298,"Premium",700.602551766335,27,32,"Male","West","Yes"
249,"Premium",521.194168149232,31,68,"Female","South","Yes"
221,"Ultimate",264.832493311815,114,48,"Male","East","No"
209,"Premium",632.733752794242,170,27,"Male","West","No"
299,"Premium",491.422088105665,34,36,"Male","East","Yes"
85,"Ultimate",491.329364263693,184,79,"Female","East","No"
222,"Premium",474.946168070217,60,25,"Female","West","Yes"
191,"Basic",539.534471475669,122,64,"Male","East","No"
294,"Ultimate",623.693745907453,124,20,"Female","East","Yes"
65,"Basic",514.385911148023,92,24,"Female","West","Yes"
264,"Ultimate",355.055142890209,68,58,"Female","South","Yes"
174,"Ultimate",526.986716382827,130,20,"Male","South","Yes"
82,"Premium",633.868649072119,58,21,"Female","South","No"
89,"Ultimate",661.114313058128,175,68,"Male","North","Yes"
217,"Ultimate",471.276981292604,164,30,"Male","North","No"
59,"Premium",594.373342049934,184,56,"Female","South","Yes"
266,"Ultimate",387.65291926888,182,29,"Male","North","Yes"
249,"Basic",726.468094582889,101,24,"Male","South","No"
259,"Premium",555.646476555535,64,72,"Male","North","No"
174,"Premium",471.259542603333,178,30,"Male","North","Yes"
294,"Basic",617.589067622553,150,76,"Female","South","No"
58,"Basic",466.032923627914,53,24,"Female","West","No"
56,"Ultimate",421.286094454533,44,80,"Female","East","No"
184,"Ultimate",468.853180046645,140,65,"Male","West","No"
235,"Ultimate",516.243481204179,142,23,"Male","West","Yes"
110,"Premium",589.326993716462,141,25,"Female","North","No"
251,"Ultimate",466.805314641881,183,70,"Female","West","Yes"
201,"Ultimate",503.164965213942,154,77,"Male","South","No"
112,"Premium",603.360032016034,29,47,"Female","East","No"
103,"Ultimate",476.191686579065,39,49,"Male","North","No"
200,"Basic",560.383886693012,81,53,"Male","South","No"
75,"Ultimate",552.440358018148,164,21,"Female","West","No"
284,"Ultimate",436.23403842737,150,58,"Female","North","Yes"
82,"Ultimate",415.646187655931,199,67,"Male","West","Yes"
234,"Premium",439.064833036456,97,31,"Male","East","Yes"
206,"Premium",320.951373569425,132,51,"Female","South","Yes"
164,"Basic",476.015333636781,120,64,"Male","East","Yes"
59,"Basic",648.442693258801,49,24,"Male","East","No"
102,"Ultimate",566.13821682287,54,29,"Female","South","Yes"
103,"Premium",418.472076650373,36,78,"Male","South","Yes"
254,"Ultimate",456.426315403605,30,20,"Male","West","Yes"
156,"Ultimate",573.153658395996,20,45,"Male","South","Yes"
60,"Basic",650.473578503887,92,50,"Male","North","No"
74,"Premium",469.028565118822,78,44,"Female","North","No"
101,"Ultimate",371.314608566,199,48,"Female","West","Yes"
75,"Basic",395.739257455332,191,61,"Male","North","No"
184,"Ultimate",604.828677637933,169,58,"Male","North","Yes"
202,"Premium",437.708291831742,63,53,"Male","South","No"
264,"Premium",670.873840157997,195,58,"Female","South","Yes"
139,"Ultimate",550.850840623175,188,18,"Female","West","Yes"
209,"Basic",527.65099301183,113,67,"Female","North","Yes"
261,"Basic",639.79152254961,92,66,"Female","East","Yes"
201,"Ultimate",329.211235901092,34,26,"Male","East","Yes"
106,"Ultimate",604.822439665192,193,76,"Male","West","No"
250,"Premium",666.494265050798,54,68,"Male","South","Yes"
154,"Ultimate",404.820301167856,155,52,"Male","South","Yes"
150,"Ultimate",472.044614200648,67,56,"Male","South","No"
72,"Ultimate",540.090657581765,109,41,"Male","North","No"
63,"Basic",359.977627182138,126,61,"Female","West","Yes"
159,"Basic",515.166107535774,20,53,"Female","South","Yes"
183,"Ultimate",442.730247256649,48,33,"Female","North","No"
140,"Basic",532.97865114232,81,67,"Male","East","Yes"
178,"Basic",473.661048293736,169,30,"Female","North","No"
267,"Ultimate",561.794489148208,170,55,"Female","West","No"
155,"Premium",483.710402486911,50,34,"Female","West","No"
162,"Premium",449.16759342406,30,78,"Female","West","Yes"
235,"Basic",533.140151637905,113,39,"Male","West","Yes"
130,"Premium",557.437773163022,56,52,"Female","West","No"
78,"Ultimate",553.331433051397,171,68,"Male","North","No"
75,"Basic",524.837592219093,45,64,"Female","North","No"
76,"Basic",428.199120859782,132,74,"Male","West","No"
262,"Basic",367.290772316445,109,70,"Male","South","Yes"
56,"Basic",659.533273710626,187,60,"Male","West","Yes"
237,"Basic",543.278792650681,22,21,"Female","North","Yes"
294,"Basic",391.050087142497,167,62,"Male","North","No"
203,"Premium",368.201446438431,123,20,"Male","East","Yes"
90,"Premium",465.840515447876,104,54,"Male","East","No"
261,"Premium",470.244473621023,161,52,"Female","North","No"
183,"Ultimate",508.85126419635,163,72,"Female","East","Yes"
291,"Premium",609.064461000821,110,20,"Male","North","Yes"
271,"Premium",347.354692908759,118,63,"Male","East","No"
208,"Premium",651.928992015584,161,29,"Male","East","Yes"
142,"Basic",545.208542030445,109,68,"Male","South","No"
194,"Premium",492.076055924744,100,34,"Male","East","Yes"
241,"Ultimate",530.55692851557,178,49,"Male","East","No"
214,"Basic",414.353082249015,36,53,"Male","East","No"
106,"Ultimate",610.392464488729,85,39,"Male","South","No"
197,"Ultimate",578.017265262234,35,28,"Male","South","No"
212,"Ultimate",359.574785159393,33,38,"Male","East","Yes"
266,"Basic",411.843725485332,184,27,"Female","North","Yes"
287,"Ultimate",482.76064790523,145,24,"Female","South","Yes"
210,"Premium",411.267216817094,60,79,"Male","West","Yes"
115,"Basic",334.406452571523,43,51,"Male","North","Yes"
53,"Ultimate",436.219547321193,146,30,"Female","East","No"
123,"Premium",471.014217320301,48,73,"Female","East","Yes"
274,"Premium",357.87050167148,40,43,"Female","East","Yes"
182,"Ultimate",487.800490259354,110,18,"Female","East","Yes"
166,"Ultimate",392.922072917149,112,59,"Male","South","No"
74,"Ultimate",311.224605606634,175,38,"Female","East","Yes"
185,"Basic",425.677896785993,157,61,"Male","North","Yes"
104,"Basic",412.435278442649,112,30,"Male","West","No"
266,"Ultimate",650.759890515409,199,79,"Male","North","Yes"
134,"Ultimate",450.42203035003,165,63,"Female","East","Yes"
94,"Basic",541.515507873148,117,60,"Male","South","No"
195,"Ultimate",459.860682568723,151,32,"Male","North","No"
219,"Premium",442.659118313604,188,74,"Female","South","No"
208,"Ultimate",390.620245591756,66,35,"Male","West","No"
183,"Ultimate",350.241547493979,87,58,"Female","North","Yes"
248,"Basic",546.807622874313,159,41,"Female","East","No"
238,"Basic",657.64509823297,48,33,"Female","East","Yes"
154,"Basic",532.19115158776,197,43,"Female","North","Yes"
225,"Basic",541.030153732224,141,43,"Female","South","No"
194,"Premium",498.916974324509,49,37,"Male","North","Yes"
294,"Premium",596.145366783582,87,71,"Female","West","No"
222,"Ultimate",543.123220122812,29,77,"Female","West","Yes"
269,"Ultimate",330.613302730758,106,30,"Male","East","No"
240,"Premium",315.594062740863,191,72,"Male","West","No"
102,"Basic",480.949639205709,131,25,"Female","East","No"
153,"Basic",397.066010372901,85,26,"Male","South","No"
102,"Ultimate",559.031103917098,51,58,"Female","South","Yes"
112,"Premium",456.10509509919,197,24,"Female","West","No"
248,"Basic",599.634754876334,191,51,"Male","North","No"
261,"Basic",667.509190068467,25,55,"Female","South","Yes"
259,"Premium",665.101228187262,125,18,"Female","South","Yes"
142,"Ultimate",480.317281861919,171,61,"Male","West","No"
194,"Basic",419.554370353404,147,54,"Female","North","No"
274,"Premium",486.18927989266,186,77,"Male","North","No"
51,"Basic",361.646773509744,109,25,"Female","West","No"
226,"Premium",625.330648167576,61,41,"Female","East","Yes"
179,"Ultimate",313.122501474101,66,37,"Male","East","No"
190,"Premium",379.133218629394,126,66,"Female","East","Yes"
73,"Basic",558.141565822151,157,26,"Female","North","Yes"
226,"Ultimate",534.36891223214,194,18,"Female","East","Yes"
244,"Ultimate",586.867103788534,133,51,"Female","North","No"
259,"Basic",405.375886744358,180,19,"Male","East","Yes"
179,"Premium",339.102471331349,42,45,"Male","North","No"
214,"Basic",600.088173089209,178,69,"Female","North","Yes"
240,"Basic",557.538951074278,169,27,"Female","South","No"
125,"Basic",724.049359809806,135,47,"Male","North","No"
170,"Ultimate",392.770480804084,176,18,"Male","North","Yes"
62,"Ultimate",316.366746572798,177,33,"Male","North","Yes"
219,"Premium",581.112280240831,76,38,"Male","South","No"
238,"Premium",662.858322153871,151,25,"Male","South","No"
247,"Premium",483.06612404125,90,25,"Male","South","Yes"
155,"Ultimate",585.852514396662,149,51,"Male","East","Yes"
283,"Premium",455.840322116239,173,49,"Female","East","No"
215,"Basic",608.585836753438,143,24,"Female","East","No"
161,"Basic",537.217877826927,163,64,"Female","East","No"
113,"Basic",550.396503480584,64,56,"Female","South","Yes"
129,"Basic",368.762936234894,71,33,"Female","South","No"
276,"Ultimate",429.650863521899,132,29,"Male","South","No"
85,"Premium",442.877064353211,58,28,"Male","North","No"
268,"Premium",474.599035378095,53,18,"Female","East","No"
268,"Basic",360.080336755234,73,18,"Female","East","Yes"
84,"Ultimate",563.038489211058,186,30,"Male","West","No"
136,"Basic",409.163705787648,55,69,"Female","South","Yes"
116,"Ultimate",529.13993426346,145,47,"Male","West","Yes"
272,"Premium",338.629196145808,182,18,"Female","North","No"
97,"Premium",408.829545006038,68,22,"Female","South","Yes"
243,"Premium",709.403216959931,64,51,"Female","East","Yes"
160,"Ultimate",556.07870866514,87,68,"Female","East","Yes"
72,"Basic",506.452987544639,110,37,"Male","East","Yes"
244,"Basic",385.86423013057,91,18,"Male","East","No"
186,"Basic",431.287954445016,86,66,"Male","East","No"
110,"Premium",402.064158050182,168,21,"Male","South","Yes"
88,"Basic",546.051894664166,138,39,"Female","North","Yes"
271,"Premium",704.401526078014,177,21,"Male","South","No"
80,"Premium",657.020900537657,64,39,"Female","East","No"
271,"Premium",517.119022072469,93,63,"Female","East","No"
122,"Ultimate",458.991428067344,56,42,"Female","East","Yes"
85,"Basic",641.538014694189,117,37,"Female","East","Yes"
275,"Premium",621.654967552784,23,53,"Male","East","No"
71,"Ultimate",480.772343114054,107,71,"Male","East","Yes"
171,"Basic",679.138752775548,167,27,"Male","West","Yes"
221,"Ultimate",546.865126016772,190,67,"Male","East","No"
90,"Basic",421.516386271594,149,63,"Male","South","Yes"
141,"Ultimate",401.248832193099,65,73,"Male","South","No"
142,"Premium",429.010653346776,119,18,"Male","South","Yes"
174,"Basic",544.255120663431,116,43,"Male","North","Yes"
92,"Premium",456.779765874746,33,41,"Female","South","No"
88,"Premium",450.411771118265,153,38,"Female","North","Yes"
286,"Basic",383.989551722272,200,53,"Female","East","No"
214,"Premium",643.008461818541,197,57,"Female","East","Yes"
156,"Basic",500.364752573586,85,79,"Female","East","Yes"
82,"Premium",598.597514758317,55,43,"Male","South","No"
132,"Ultimate",429.963626786394,179,33,"Male","South","No"
189,"Premium",390.845045085589,100,77,"Male","East","No"
147,"Ultimate",368.1604327527,42,67,"Male","East","No"
70,"Ultimate",545.85055292073,127,71,"Female","East","Yes"
258,"Premium",473.347773549399,80,79,"Male","East","No"
125,"Premium",425.56113395236,155,19,"Male","South","Yes"
143,"Premium",576.621199151383,85,49,"Male","East","Yes"
84,"Basic",502.785142348818,54,47,"Female","West","Yes"
79,"Ultimate",411.357138423859,149,43,"Female","West","Yes"
266,"Basic",323.45190671811,126,31,"Female","West","No"
227,"Ultimate",593.047688915097,180,50,"Male","North","Yes"
224,"Premium",285.787757343021,157,25,"Female","West","No"
167,"Premium",364.523796365717,177,78,"Female","South","No"
116,"Premium",597.81834754804,77,48,"Male","East","Yes"
164,"Premium",604.878517062032,116,53,"Female","West","Yes"
170,"Ultimate",458.668360421284,130,68,"Female","North","Yes"
131,"Premium",535.637496415547,82,80,"Male","South","No"
145,"Ultimate",450.732494504012,165,31,"Female","West","Yes"
258,"Ultimate",570.371942902679,151,60,"Male","West","No"
151,"Ultimate",548.958811141943,170,62,"Female","South","No"
219,"Basic",632.098528205102,21,72,"Male","North","No"
217,"Basic",572.604425030947,61,46,"Female","North","No"
219,"Premium",505.66901248416,179,35,"Female","East","No"
145,"Premium",418.471840559751,115,50,"Male","North","No"
75,"Basic",510.643851580667,20,41,"Female","South","Yes"
190,"Basic",456.927021427016,80,63,"Female","West","Yes"
197,"Ultimate",480.767299709509,123,48,"Male","West","Yes"
279,"Ultimate",532.151558162455,102,66,"Female","South","Yes"
197,"Basic",527.029875805424,59,22,"Female","North","Yes"
270,"Premium",328.984956447629,111,40,"Female","West","No"
261,"Basic",532.275880809006,177,51,"Male","West","Yes"
143,"Basic",473.909952865883,52,79,"Male","East","Yes"
218,"Premium",469.030850044588,67,79,"Male","West","No"
289,"Premium",255.41999043263,90,39,"Female","East","Yes"
185,"Premium",355.296809208172,42,41,"Female","East","No"
216,"Basic",521.737780105526,105,61,"Male","West","Yes"
251,"Premium",556.557231826816,193,43,"Male","East","No"
130,"Premium",544.963605296258,93,36,"Female","East","No"
240,"Basic",517.90372452157,177,38,"Male","South","No"
131,"Ultimate",460.821465888463,119,42,"Male","North","No"
281,"Premium",507.951622558264,63,57,"Female","North","No"
292,"Basic",502.588750366049,159,70,"Male","South","No"
155,"Premium",523.83440392387,89,55,"Male","East","Yes"
168,"Ultimate",532.40249057288,88,40,"Female","North","No"
60,"Basic",516.934953654124,163,63,"Male","South","Yes"
162,"Premium",640.813176308833,194,50,"Male","East","No"
157,"Ultimate",600.991801293416,144,34,"Male","South","No"
179,"Premium",525.53928101371,70,59,"Male","South","No"
196,"Premium",566.5089888867,28,58,"Male","North","Yes"
254,"Ultimate",241.086172826278,47,80,"Male","North","Yes"
190,"Basic",475.608307118904,69,25,"Female","West","Yes"
80,"Premium",389.403769484727,61,59,"Female","North","Yes"
207,"Basic",628.073736898872,164,36,"Female","East","No"
164,"Ultimate",501.611165006837,197,19,"Female","East","Yes"
71,"Basic",432.636951392041,185,68,"Male","West","Yes"
143,"Ultimate",541.717293291024,76,56,"Male","North","Yes"
251,"Basic",681.568251357799,94,23,"Male","North","No"
65,"Basic",443.154366545969,94,51,"Male","North","No"
246,"Premium",459.012558920276,39,56,"Female","North","No"
213,"Ultimate",448.756477881378,186,18,"Female","South","Yes"
227,"Ultimate",442.775752230618,97,45,"Female","North","No"
210,"Ultimate",590.28275846189,169,79,"Male","West","Yes"
257,"Ultimate",425.198806177109,169,27,"Male","West","Yes"
205,"Ultimate",491.990098946079,76,65,"Female","South","No"
226,"Premium",394.47184816281,171,57,"Female","North","No"
61,"Ultimate",527.20364377339,70,78,"Female","North","No"
230,"Ultimate",480.471820033722,173,55,"Male","North","No"
205,"Premium",371.640070668535,149,27,"Female","South","Yes"
115,"Ultimate",435.815905023183,39,60,"Female","East","No"
99,"Premium",402.933675699888,160,49,"Female","West","No"
253,"Ultimate",370.765381034814,66,32,"Male","East","Yes"
224,"Ultimate",413.729598185498,117,77,"Female","South","Yes"
228,"Premium",283.813421566879,80,71,"Female","East","No"
166,"Premium",636.807697371797,25,67,"Female","East","No"
183,"Ultimate",450.316015701337,99,30,"Female","East","Yes"
257,"Basic",515.637446696855,98,59,"Female","South","No"
177,"Basic",504.243094455612,60,36,"Female","South","Yes"
171,"Basic",529.982883510631,70,48,"Female","West","Yes"
192,"Ultimate",502.178191290074,117,19,"Female","South","No"
196,"Ultimate",575.375598964213,81,78,"Female","North","Yes"
108,"Ultimate",606.726361796368,27,52,"Male","West","No"
52,"Basic",433.060368004265,24,40,"Female","East","Yes"
287,"Basic",350.150663354113,200,71,"Male","East","No"
146,"Ultimate",524.366875899319,165,70,"Female","South","No"
297,"Ultimate",488.039785626105,113,34,"Male","East","No"
82,"Ultimate",419.239711100223,179,26,"Male","South","Yes"
97,"Basic",509.13180272837,167,21,"Male","West","Yes"
124,"Basic",592.576092895358,97,49,"Female","West","Yes"
149,"Basic",505.379043537762,167,54,"Male","South","No"
297,"Basic",377.5431104933,85,77,"Male","East","No"
157,"Basic",531.769023112382,136,35,"Male","West","No"
94,"Ultimate",385.455201931411,185,46,"Female","West","Yes"
59,"Premium",527.393584193325,126,31,"Male","North","No"
219,"Ultimate",520.349116870197,176,29,"Female","East","Yes"
73,"Ultimate",651.236232932748,90,35,"Male","West","Yes"
141,"Ultimate",480.979273204279,42,67,"Female","East","No"
280,"Ultimate",573.398200910647,122,18,"Female","North","No"
195,"Basic",588.54386865416,26,72,"Male","East","Yes"
258,"Premium",479.128930281865,38,61,"Male","East","Yes"
261,"Premium",353.069966550467,114,64,"Female","East","No"
108,"Ultimate",496.466039738548,61,58,"Female","South","Yes"
186,"Ultimate",529.990144763468,195,56,"Female","South","Yes"
102,"Premium",539.163711640414,177,66,"Male","East","Yes"
188,"Basic",517.402993388766,169,80,"Female","West","Yes"
157,"Basic",478.804221134815,111,80,"Female","South","Yes"
57,"Basic",609.060298287784,20,24,"Male","South","No"
163,"Ultimate",496.976188287289,111,74,"Male","South","Yes"
54,"Basic",490.91926897439,20,68,"Female","South","Yes"
78,"Premium",545.725550686371,71,65,"Female","South","No"
99,"Premium",539.260441199242,100,50,"Male","South","Yes"
119,"Premium",675.971038995352,20,66,"Female","South","Yes"
123,"Basic",629.39956948279,85,67,"Female","North","No"
75,"Premium",598.258762165495,140,30,"Male","East","No"
122,"Ultimate",526.220145254294,179,35,"Male","North","No"
60,"Ultimate",436.579836444392,84,76,"Male","West","Yes"
168,"Basic",391.195381141658,178,68,"Female","North","Yes"
55,"Ultimate",406.698387886418,28,23,"Female","North","No"
273,"Ultimate",413.685414978926,146,54,"Female","West","Yes"
253,"Ultimate",550.238220410811,21,72,"Female","South","No"
260,"Basic",443.520495451411,76,72,"Female","South","No"
268,"Premium",482.350850081036,189,38,"Female","East","Yes"
233,"Premium",632.140317688275,128,35,"Female","West","No"
145,"Premium",527.256807551212,85,38,"Female","North","No"
204,"Premium",501.105621600882,45,77,"Female","East","No"
271,"Basic",421.945372691684,138,77,"Male","South","No"
168,"Premium",429.889941740877,145,25,"Female","West","Yes"
245,"Basic",424.063513304015,128,44,"Male","North","Yes"
137,"Premium",482.97400957118,83,63,"Female","North","Yes"
205,"Basic",434.371415421919,78,54,"Female","East","No"
116,"Premium",515.754423417149,64,74,"Male","East","No"
159,"Basic",609.341476021905,95,31,"Female","West","No"
217,"Ultimate",530.104243090724,182,76,"Male","East","Yes"
183,"Premium",444.151061213962,121,75,"Male","East","No"
85,"Basic",392.462412383937,49,64,"Female","East","Yes"
104,"Basic",520.078737236919,146,37,"Male","South","No"
283,"Basic",508.402028454532,49,45,"Female","East","Yes"
289,"Premium",407.360130046722,106,74,"Male","East","No"
172,"Basic",538.670071071837,131,43,"Male","East","Yes"
169,"Basic",566.041789260333,54,42,"Male","West","Yes"
143,"Ultimate",472.391196940809,106,31,"Male","West","Yes"
97,"Premium",531.282214116053,193,35,"Male","North","No"
293,"Ultimate",431.425048213464,196,55,"Female","North","Yes"
59,"Ultimate",726.82044574342,124,68,"Female","West","No"
202,"Ultimate",330.783947525579,134,61,"Female","West","Yes"
215,"Premium",558.78375139535,50,39,"Male","East","Yes"
292,"Basic",506.640785795855,49,18,"Female","North","Yes"
149,"Ultimate",359.534387604731,47,30,"Male","East","No"
154,"Premium",465.720246478318,200,56,"Male","East","No"
74,"Basic",428.674298171743,41,80,"Female","East","Yes"
181,"Ultimate",450.378942639759,74,52,"Female","South","Yes"
256,"Premium",432.837874437504,168,18,"Male","South","No"
229,"Ultimate",466.845054228561,48,31,"Male","South","Yes"
71,"Ultimate",517.127611520946,179,63,"Male","North","No"
166,"Ultimate",402.060767888998,81,35,"Male","North","No"
290,"Ultimate",532.099407018977,136,65,"Female","West","No"
73,"Premium",408.812884508409,33,18,"Male","North","Yes"
216,"Ultimate",632.086542799529,73,21,"Female","South","No"
96,"Ultimate",485.530144726442,128,28,"Female","East","No"
237,"Ultimate",402.899548577275,33,75,"Female","South","Yes"
240,"Premium",473.592920071577,37,30,"Female","East","Yes"
86,"Basic",573.83104523492,199,80,"Male","East","Yes"
223,"Basic",533.23746152784,139,51,"Male","East","Yes"
103,"Premium",465.59138585532,29,48,"Female","West","No"
96,"Premium",670.559274729386,49,25,"Female","East","Yes"
256,"Ultimate",530.669903630339,133,65,"Male","West","Yes"
193,"Basic",476.619380622354,108,48,"Female","East","No"
68,"Basic",442.762416630076,99,37,"Male","East","Yes"
249,"Basic",618.807890746117,32,22,"Female","South","No"
208,"Basic",554.821090120756,191,61,"Female","West","Yes"
171,"Basic",347.776981777863,173,80,"Female","North","Yes"
86,"Ultimate",602.867725829217,136,23,"Male","North","No"
152,"Premium",578.919370350058,171,54,"Male","South","Yes"
293,"Ultimate",534.093759423337,114,21,"Female","North","No"
97,"Premium",350.563331678463,188,33,"Male","North","Yes"
237,"Basic",477.44564067071,179,38,"Female","East","Yes"
239,"Basic",469.226297560851,46,72,"Female","West","Yes"
257,"Premium",517.766708206277,157,79,"Female","South","No"
186,"Basic",277.433657753084,144,65,"Male","North","No"
188,"Basic",597.474095237932,157,72,"Male","South","No"
92,"Ultimate",343.208610619595,21,78,"Female","East","Yes"
164,"Premium",470.986516459737,89,43,"Female","North","Yes"
207,"Basic",391.433753116573,76,75,"Male","West","No"
238,"Premium",451.280728868708,192,43,"Male","North","Yes"
251,"Premium",411.722721904807,130,51,"Female","South","Yes"
104,"Premium",518.685186832247,37,32,"Female","South","No"
238,"Basic",483.636094867357,94,31,"Female","North","No"
211,"Premium",491.169441921352,147,67,"Male","West","No"
106,"Basic",563.591745934829,26,29,"Male","South","Yes"
175,"Ultimate",599.613760971867,33,33,"Female","East","No"
87,"Ultimate",608.672979960286,75,77,"Male","South","Yes"
133,"Basic",547.68876148958,197,75,"Male","North","No"
112,"Premium",475.31845736173,121,61,"Male","South","No"
223,"Ultimate",412.064912777387,181,46,"Male","East","No"
127,"Premium",382.523485858401,67,35,"Male","East","No"
119,"Ultimate",631.353063325151,81,30,"Female","West","Yes"
195,"Basic",510.163495607336,137,33,"Female","East","No"
179,"Ultimate",691.77559763841,43,77,"Male","East","Yes"
169,"Premium",577.205525776047,60,64,"Female","West","No"
249,"Ultimate",560.817937179646,20,38,"Male","North","No"
124,"Ultimate",485.019136017614,83,65,"Male","West","Yes"
70,"Ultimate",590.295378476979,181,18,"Male","West","No"
234,"Basic",600.686185393862,112,55,"Male","North","No"
248,"Basic",289.554112274508,109,31,"Male","North","Yes"
292,"Premium",494.463707070268,185,71,"Male","North","No"
136,"Ultimate",485.725737184732,197,75,"Male","North","No"
121,"Basic",544.818239531811,164,47,"Male","North","Yes"
108,"Basic",693.783854165727,117,49,"Female","North","No"
251,"Premium",693.048278756526,21,80,"Female","East","Yes"
214,"Basic",563.757638396926,185,41,"Female","East","No"
130,"Basic",537.854227725626,121,61,"Male","South","No"
104,"Premium",764.417154358987,115,60,"Male","South","No"
183,"Basic",572.515730122525,33,24,"Female","South","Yes"
217,"Ultimate",369.053790367339,148,19,"Female","West","No"
293,"Basic",413.113678017549,119,22,"Female","South","No"
55,"Premium",498.643114324414,39,66,"Male","North","Yes"
177,"Ultimate",599.947208973978,96,66,"Male","South","No"
160,"Premium",441.110983090569,66,45,"Male","North","No"
205,"Basic",554.369246297599,190,67,"Female","South","Yes"
81,"Ultimate",366.233262362701,58,36,"Male","West","Yes"
98,"Premium",529.30553070366,138,71,"Female","North","Yes"
276,"Premium",472.976816386053,78,31,"Male","West","Yes"
269,"Basic",631.005224880697,41,51,"Male","South","No"
288,"Premium",669.318875929913,63,59,"Female","East","No"
133,"Ultimate",515.031419247553,145,43,"Female","East","No"
242,"Basic",531.455432456706,183,26,"Female","West","No"
246,"Premium",494.800556826432,100,47,"Male","East","Yes"
252,"Premium",595.61090275702,89,44,"Female","East","Yes"
96,"Ultimate",519.390719090425,181,33,"Male","North","No"
197,"Basic",445.19689904305,80,18,"Female","West","Yes"
179,"Ultimate",530.596372567719,185,77,"Female","East","Yes"
239,"Basic",427.723003148797,194,30,"Female","South","No"
161,"Basic",404.958148756639,97,56,"Male","South","No"
240,"Premium",521.306373550019,155,18,"Female","East","Yes"
239,"Ultimate",560.949716191843,54,29,"Female","North","Yes"
168,"Ultimate",544.238796694087,187,80,"Female","West","Yes"
164,"Basic",464.306038435273,91,34,"Male","North","No"
59,"Premium",675.191672586812,153,41,"Female","South","Yes"
164,"Premium",415.117709057778,173,56,"Female","South","Yes"
108,"Ultimate",496.315095037795,199,73,"Female","West","No"
98,"Premium",455.523647884952,190,53,"Male","West","No"
184,"Premium",547.851811482487,23,68,"Male","East","Yes"
110,"Basic",492.213755970863,30,20,"Male","West","Yes"
215,"Basic",499.639037639619,140,72,"Male","West","No"
157,"Basic",548.983101743714,167,41,"Male","South","No"
85,"Basic",378.51375296809,171,75,"Male","West","Yes"
166,"Basic",480.290315436246,106,56,"Male","North","Yes"
72,"Basic",670.865089908714,141,24,"Male","West","No"
164,"Ultimate",424.039861643174,23,58,"Male","East","Yes"
211,"Basic",597.236956545031,151,25,"Female","South","Yes"
137,"Ultimate",396.815961706057,83,35,"Male","East","No"
181,"Basic",576.858662660096,118,76,"Female","South","No"
231,"Basic",530.128505996004,148,80,"Male","North","No"
206,"Basic",542.456058064873,34,70,"Female","South","No"
235,"Ultimate",500.657105667664,99,23,"Female","West","No"
264,"Premium",574.129774851192,101,43,"Female","South","No"
300,"Basic",655.90074874112,30,48,"Male","North","Yes"
252,"Ultimate",458.283124846758,76,18,"Female","North","No"
295,"Ultimate",457.967703699887,180,30,"Male","South","No"
274,"Basic",569.718586446273,160,23,"Female","North","No"
295,"Basic",478.903839108412,20,27,"Male","North","Yes"
233,"Ultimate",654.108549756465,135,62,"Female","East","No"
228,"Ultimate",528.483195966302,83,53,"Female","East","Yes"
227,"Premium",532.196137608138,54,70,"Male","East","No"
300,"Premium",393.147393125673,39,53,"Female","South","No"
97,"Basic",642.571586185932,95,45,"Male","North","Yes"
180,"Basic",619.957020023391,99,77,"Male","North","No"
82,"Ultimate",332.196359312989,106,37,"Female","West","Yes"
271,"Basic",682.880616342242,149,64,"Male","North","No"
211,"Premium",446.479114391505,87,78,"Female","North","No"
115,"Basic",416.433935900041,102,44,"Male","South","No"
113,"Basic",424.153009959102,82,41,"Female","North","No"
217,"Premium",367.587009830344,54,43,"Female","South","Yes"
235,"Ultimate",578.846747109404,53,18,"Male","West","Yes"
69,"Ultimate",362.32815350112,103,22,"Male","North","No"
127,"Premium",392.960475842237,173,34,"Male","West","Yes"
202,"Basic",401.325906858589,189,74,"Male","North","Yes"
286,"Premium",553.658618418783,76,76,"Female","South","No"
248,"Basic",455.479341608062,138,51,"Male","East","No"
217,"Premium",499.649856301743,24,23,"Female","South","Yes"
238,"Premium",437.618590457126,198,37,"Male","South","Yes"
276,"Basic",546.084692520159,41,54,"Male","West","No"
144,"Premium",442.247988016158,23,34,"Female","North","Yes"
199,"Basic",668.760856568398,115,35,"Female","West","No"
257,"Ultimate",502.566051708913,162,73,"Female","West","No"
172,"Premium",440.969283831908,150,68,"Female","West","No"
135,"Ultimate",638.202180321928,98,30,"Male","North","Yes"
270,"Basic",503.190133667434,107,74,"Male","North","Yes"
233,"Basic",399.749330597758,190,46,"Male","East","Yes"
210,"Ultimate",404.433492498876,59,63,"Male","North","Yes"
157,"Premium",549.056567640341,53,53,"Male","North","Yes"
241,"Premium",382.058262761905,69,40,"Female","West","No"
291,"Premium",655.675442590884,166,19,"Male","South","No"
230,"Ultimate",409.573899485143,65,43,"Male","North","Yes"
208,"Basic",349.729709707324,189,60,"Male","North","Yes"
95,"Ultimate",343.51626369892,22,29,"Female","West","Yes"
249,"Basic",400.582734970629,149,23,"Female","South","Yes"
73,"Premium",555.752815567011,57,18,"Male","North","Yes"
109,"Premium",306.722046068103,179,54,"Female","East","No"
207,"Premium",451.192065891516,200,46,"Male","South","No"
200,"Premium",492.930264081228,94,63,"Male","East","Yes"
278,"Basic",358.041274698276,146,57,"Male","North","No"
273,"Premium",518.954845682304,147,39,"Male","South","Yes"
66,"Premium",237.756619668169,165,66,"Male","East","Yes"
267,"Ultimate",332.305606611878,49,66,"Male","East","No"
236,"Ultimate",654.275628307661,154,54,"Female","North","No"
298,"Premium",668.12303146071,32,53,"Female","North","Yes"
234,"Ultimate",604.310166880177,94,57,"Male","West","No"
220,"Premium",754.097110466049,96,32,"Female","East","Yes"
72,"Ultimate",443.822048713614,29,54,"Female","South","Yes"
267,"Basic",674.404599606067,163,79,"Male","South","No"
277,"Basic",385.854042448215,200,53,"Male","North","No"
94,"Ultimate",590.933344314588,148,36,"Female","South","Yes"
185,"Basic",330.670460235741,76,78,"Female","North","Yes"
128,"Premium",553.830841642251,26,63,"Female","East","No"
300,"Premium",285.286014062146,182,18,"Female","East","No"
213,"Ultimate",334.570180238623,113,68,"Male","West","No"
286,"Ultimate",382.78593210962,99,42,"Male","East","Yes"
116,"Basic",426.089949743038,93,32,"Female","North","No"
88,"Ultimate",519.250114563441,100,72,"Female","South","No"
210,"Ultimate",481.026234774661,84,67,"Female","North","Yes"
215,"Ultimate",633.368507716587,79,71,"Male","North","No"
286,"Basic",648.779749441808,79,33,"Male","West","No"
267,"Premium",586.057329554745,172,63,"Female","South","No"
77,"Ultimate",459.001176812492,149,67,"Male","East","Yes"
267,"Basic",500.960373544255,181,34,"Male","North","Yes"
258,"Basic",485.573457978251,56,58,"Male","East","No"
136,"Premium",600.106639740216,88,46,"Male","South","No"
230,"Premium",492.56597142204,134,32,"Male","East","No"
151,"Basic",424.761076900396,90,44,"Male","South","Yes"
187,"Premium",555.174178278627,53,28,"Female","South","No"
158,"Basic",282.178327860056,55,40,"Female","South","Yes"
151,"Ultimate",509.251114064225,127,74,"Male","East","Yes"
90,"Ultimate",431.290042175411,67,78,"Female","North","Yes"
185,"Premium",464.982747271682,166,79,"Male","East","No"
178,"Basic",559.993324867329,116,33,"Male","East","Yes"
129,"Premium",523.244042731087,39,72,"Male","North","Yes"
167,"Basic",562.49390147503,105,71,"Male","East","No"
243,"Basic",502.779427838611,34,28,"Male","North","No"
281,"Basic",416.121736921609,30,30,"Male","West","No"
127,"Ultimate",398.218941998461,69,37,"Female","South","No"
189,"Basic",495.219788569626,196,36,"Female","East","Yes"
267,"Premium",702.224486960497,86,44,"Female","West","No"
121,"Premium",330.236886682754,144,41,"Female","East","Yes"
176,"Basic",516.838284222918,43,57,"Male","East","Yes"
90,"Ultimate",447.776705940693,87,78,"Female","North","Yes"
57,"Basic",426.820996009239,52,31,"Male","West","Yes"
234,"Premium",555.645451770303,160,50,"Female","East","Yes"
250,"Ultimate",475.9437318077,196,50,"Female","West","No"
101,"Basic",636.558767075111,136,77,"Female","North","Yes"
274,"Basic",422.125605190989,131,58,"Female","North","Yes"
116,"Premium",325.684344438365,72,34,"Female","North","No"
217,"Premium",378.837751389252,139,78,"Male","West","Yes"
51,"Ultimate",377.95342306535,114,27,"Male","East","No"
114,"Premium",573.130582058338,89,41,"Male","North","Yes"
250,"Ultimate",511.796923496636,139,64,"Male","West","Yes"
296,"Premium",560.565917653982,154,55,"Female","North","No"
184,"Basic",525.526025094932,186,63,"Male","South","No"
254,"Basic",593.934316510361,82,42,"Female","North","Yes"
78,"Basic",618.99941454866,79,72,"Male","West","No"
69,"Premium",595.208277950688,73,77,"Female","East","No"
255,"Basic",457.16986379181,168,28,"Female","North","No"
173,"Ultimate",412.697992167377,108,57,"Male","North","Yes"
129,"Premium",553.983392427106,103,35,"Male","East","Yes"
56,"Ultimate",592.503262095626,194,33,"Female","West","No"
277,"Ultimate",403.174136896811,24,48,"Male","North","Yes"
94,"Premium",582.699543424496,114,26,"Male","North","No"
125,"Ultimate",430.54955449627,67,23,"Male","North","Yes"
74,"Ultimate",474.187005280456,180,33,"Female","South","Yes"
140,"Ultimate",449.048859220067,29,73,"Female","North","Yes"
190,"Ultimate",459.088269399666,34,72,"Male","East","No"
261,"Premium",234.466815787836,70,58,"Female","South","Yes"
187,"Premium",525.186312895876,136,73,"Female","East","No"
143,"Ultimate",406.844875625985,145,53,"Male","South","Yes"
176,"Basic",437.321353712425,40,61,"Female","East","Yes"
218,"Premium",389.806361815513,23,28,"Female","West","Yes"
61,"Premium",487.522556149554,66,19,"Female","North","Yes"
57,"Premium",471.058351793887,136,77,"Female","North","No"
120,"Basic",594.45854587092,114,54,"Female","South","Yes"
298,"Basic",571.017737919538,165,46,"Female","West","Yes"
64,"Basic",549.978878741507,78,45,"Female","West","No"
132,"Basic",293.424777989566,28,26,"Male","South","No"
226,"Premium",531.338961937215,72,80,"Female","East","No"
284,"Premium",306.159376632168,116,24,"Male","West","No"
216,"Premium",737.708034279436,180,45,"Female","North","Yes"
292,"Premium",509.52575631578,110,67,"Male","West","Yes"
136,"Ultimate",377.174014092193,27,26,"Male","South","Yes"
171,"Premium",499.954720270929,132,30,"Female","East","Yes"
212,"Premium",518.16233310046,54,18,"Female","South","No"
183,"Basic",605.91296455613,47,51,"Female","North","No"
120,"Ultimate",616.5793688532,101,68,"Male","West","No"
53,"Ultimate",117.480723025546,171,75,"Female","North","No"
251,"Basic",597.341265873364,115,24,"Female","East","Yes"
130,"Premium",312.529085037216,134,79,"Male","West","No"
225,"Ultimate",569.630079047179,184,78,"Female","North","No"
57,"Premium",344.829079428077,151,67,"Female","North","No"
230,"Basic",478.279724327334,123,21,"Female","South","Yes"
116,"Basic",520.03340468932,35,27,"Male","West","Yes"
157,"Ultimate",724.446004400489,49,58,"Male","East","Yes"
177,"Basic",440.186516435012,151,20,"Male","North","Yes"
230,"Basic",737.639885208082,157,73,"Male","West","Yes"
287,"Premium",357.71447632597,44,56,"Female","North","No"
278,"Premium",458.233703552506,38,42,"Female","East","No"
63,"Premium",432.809986655714,200,71,"Female","North","No"
205,"Ultimate",406.069206041527,122,35,"Female","North","Yes"
183,"Ultimate",550.034253105357,43,47,"Male","East","No"
186,"Premium",549.577943063985,76,24,"Female","North","No"
210,"Ultimate",270.773425261951,38,63,"Male","East","Yes"
165,"Basic",403.749423547594,147,23,"Male","North","No"
95,"Basic",331.416039030716,187,68,"Male","East","No"
113,"Ultimate",622.092585828735,69,63,"Female","South","Yes"
68,"Premium",585.895596422817,33,33,"Female","East","No"
278,"Ultimate",549.512506930349,197,19,"Female","North","No"
147,"Premium",689.631570296305,189,71,"Female","West","Yes"
178,"Basic",504.584283946306,159,44,"Male","North","Yes"
269,"Basic",532.322083595191,66,60,"Male","North","No"
229,"Premium",390.274677865214,140,80,"Male","West","Yes"
271,"Ultimate",711.922005527909,63,61,"Female","East","No"
117,"Ultimate",479.137472015695,153,66,"Female","West","No"
300,"Premium",441.273062083269,149,62,"Male","West","No"
139,"Basic",451.579293774729,126,22,"Male","West","No"
171,"Basic",722.914950114343,102,24,"Male","East","Yes"
124,"Ultimate",394.510784561393,129,44,"Female","North","No"
182,"Premium",546.540788064201,142,65,"Female","South","Yes"
295,"Basic",480.658156394992,197,42,"Male","East","Yes"
277,"Premium",596.536417540632,165,37,"Female","East","Yes"
68,"Premium",586.761210640202,48,59,"Male","East","Yes"
84,"Ultimate",392.45436013972,132,31,"Female","North","No"
210,"Premium",260.388764710753,107,18,"Female","West","Yes"
280,"Premium",684.594894182174,104,25,"Male","East","No"
246,"Premium",714.341412309924,100,55,"Male","West","No"
110,"Ultimate",435.040344542738,158,58,"Male","West","No"
200,"Premium",662.753737242531,51,18,"Male","South","No"
218,"Premium",562.612907726658,123,25,"Male","South","Yes"
266,"Basic",476.977666373262,98,36,"Male","West","No"
240,"Premium",572.765095986405,98,63,"Male","East","Yes"
297,"Ultimate",499.614325607138,91,59,"Male","West","Yes"
98,"Ultimate",568.226023973361,173,29,"Male","South","No"
134,"Ultimate",526.675032750417,132,54,"Female","East","Yes"
118,"Basic",544.283532121129,37,27,"Female","West","Yes"
113,"Ultimate",483.990437339468,185,31,"Male","South","Yes"
297,"Ultimate",530.2733083009,167,49,"Male","South","Yes"
125,"Ultimate",643.175544255278,105,66,"Male","South","Yes"
51,"Ultimate",576.036430906942,193,29,"Male","East","Yes"
167,"Premium",545.788488938073,115,66,"Male","West","Yes"
67,"Ultimate",524.781321843605,153,49,"Male","South","No"
53,"Basic",498.832065067068,21,54,"Male","West","No"
155,"Ultimate",351.953565542162,155,27,"Female","West","No"
160,"Premium",411.97927568975,178,59,"Male","West","No"
136,"Basic",599.859327279315,127,72,"Female","West","No"
167,"Ultimate",520.885450721081,71,26,"Male","South","No"
121,"Basic",449.155678536037,44,69,"Female","South","No"
242,"Ultimate",565.33947950505,137,60,"Female","West","Yes"
169,"Premium",399.00676516153,112,47,"Male","West","Yes"
252,"Basic",520.332450776033,47,64,"Male","West","Yes"
278,"Premium",416.548862743496,197,36,"Female","West","Yes"
60,"Ultimate",437.474222777153,112,53,"Male","East","No"
256,"Ultimate",551.147708159405,148,49,"Male","East","No"
128,"Premium",440.065071814166,50,66,"Male","East","Yes"
234,"Premium",490.612359858604,108,40,"Female","North","Yes"
105,"Basic",531.262632418542,123,25,"Female","East","No"
155,"Ultimate",387.280952289077,81,26,"Female","South","Yes"
64,"Premium",737.890540148401,25,72,"Male","North","Yes"
256,"Ultimate",604.613532203571,75,36,"Male","North","No"
229,"Ultimate",529.781154218815,39,76,"Female","North","No"
157,"Basic",321.251058366456,111,24,"Male","West","Yes"
282,"Ultimate",600.448893219833,69,70,"Female","East","Yes"
238,"Ultimate",624.421188030913,200,38,"Male","West","No"
138,"Premium",551.168513733797,24,37,"Male","South","No"
85,"Ultimate",547.477113114658,96,37,"Male","South","No"
180,"Ultimate",448.312922819208,28,55,"Female","South","No"
56,"Ultimate",334.025102606019,193,75,"Male","North","Yes"
117,"Ultimate",522.40086789708,112,67,"Female","North","No"
169,"Basic",680.724875971157,129,25,"Male","East","No"
281,"Basic",518.972576521408,95,61,"Female","West","No"
102,"Premium",383.707372954853,143,79,"Male","West","No"
150,"Basic",801.762143505557,113,27,"Female","North","Yes"
73,"Ultimate",461.427863329027,93,55,"Male","West","No"
279,"Basic",556.274983098935,124,47,"Female","North","No"
117,"Ultimate",588.620092142371,29,38,"Male","West","No"
116,"Ultimate",464.35342016907,93,45,"Female","West","No"
60,"Ultimate",524.909850021442,81,44,"Male","North","Yes"
123,"Premium",463.082792612113,109,55,"Female","West","Yes"
142,"Basic",504.163104050397,164,62,"Female","West","Yes"
264,"Basic",621.737695940137,114,38,"Male","West","Yes"
182,"Ultimate",595.892354310341,80,25,"Female","North","Yes"
137,"Basic",456.394317029256,68,34,"Male","South","No"
209,"Premium",643.980791776081,124,43,"Female","South","No"
138,"Ultimate",581.655931246108,146,57,"Male","West","No"
60,"Premium",324.202271639218,51,44,"Female","West","No"
123,"Basic",495.195850869871,144,61,"Female","West","Yes"
256,"Ultimate",649.444163480564,57,29,"Female","South","No"
292,"Premium",185.447996439713,182,73,"Female","East","No"
237,"Premium",446.687799624503,151,77,"Male","East","Yes"
80,"Basic",595.207820867497,186,33,"Female","East","No"
123,"Basic",546.925382078402,151,33,"Male","North","No"
222,"Ultimate",410.455064118029,170,47,"Male","East","Yes"
108,"Premium",553.504941177252,192,72,"Male","East","No"
73,"Basic",424.907415615091,146,50,"Male","West","No"
84,"Basic",395.222310013667,187,72,"Male","South","Yes"
291,"Ultimate",279.948066061193,78,63,"Male","East","Yes"
59,"Ultimate",585.081711722261,193,65,"Male","West","Yes"
113,"Basic",524.118650783377,56,59,"Female","East","Yes"
121,"Premium",526.919676443319,148,78,"Male","North","No"
221,"Basic",662.453666306763,90,64,"Female","West","Yes"
91,"Ultimate",382.246422173855,148,41,"Male","North","Yes"
209,"Basic",445.493778397126,123,76,"Female","West","Yes"
216,"Ultimate",419.022419634435,195,24,"Male","South","Yes"
184,"Premium",488.148407364584,96,52,"Female","South","Yes"
215,"Basic",724.367084973649,149,21,"Male","South","No"
66,"Ultimate",610.530805440671,105,64,"Male","West","Yes"
261,"Ultimate",409.258037934943,96,30,"Male","North","Yes"
177,"Ultimate",561.006329102453,77,31,"Female","West","No"
210,"Premium",391.658182935119,128,48,"Female","East","Yes"
278,"Premium",404.079694662138,58,36,"Male","South","No"
251,"Basic",564.339350129372,112,63,"Female","North","Yes"
158,"Premium",605.959779045274,84,18,"Female","North","No"
251,"Premium",468.78337948056,122,48,"Female","North","Yes"
179,"Premium",311.82051192285,33,23,"Female","East","Yes"
128,"Premium",555.174664419941,79,66,"Female","East","Yes"
264,"Ultimate",537.965802569803,96,41,"Female","West","Yes"
160,"Ultimate",574.674973469952,131,52,"Female","West","Yes"
281,"Basic",344.83271181824,64,52,"Female","North","Yes"
276,"Premium",616.017717574652,174,80,"Female","South","No"
115,"Ultimate",527.871367325754,171,18,"Female","East","Yes"
119,"Basic",334.057073444694,36,66,"Male","North","No"
159,"Premium",500.475658128999,166,35,"Male","West","No"
108,"Basic",511.815242034849,172,26,"Male","West","Yes"
224,"Premium",598.544568576053,39,31,"Male","West","Yes"
292,"Ultimate",337.105080453199,71,32,"Female","West","No"
58,"Ultimate",593.992529846896,139,65,"Male","East","Yes"
72,"Ultimate",501.272897809907,54,30,"Male","North","Yes"
74,"Basic",531.558193814155,97,42,"Female","East","Yes"
192,"Basic",423.537705948637,158,48,"Female","West","No"
263,"Premium",463.282681150714,151,34,"Male","South","No"
161,"Basic",474.84431731186,101,47,"Male","South","No"
249,"Premium",431.880798156964,138,58,"Male","East","No"
142,"Ultimate",482.949614096827,65,58,"Male","North","Yes"
282,"Premium",477.00227546444,128,57,"Female","South","No"
70,"Basic",442.027149354058,169,57,"Male","North","No"
168,"Ultimate",513.177825522743,55,65,"Female","South","Yes"
97,"Basic",653.857881243447,140,48,"Male","North","No"
250,"Basic",484.136866169819,86,36,"Female","South","No"
275,"Ultimate",320.920562227546,123,61,"Male","East","Yes"
297,"Basic",453.334696396618,147,35,"Female","North","Yes"
154,"Ultimate",587.534491578648,138,49,"Female","West","No"
220,"Basic",365.539442743427,106,67,"Female","South","No"
233,"Premium",406.310805257793,117,67,"Male","South","Yes"
252,"Basic",321.267168487233,158,71,"Female","North","No"
53,"Premium",592.163007276067,90,64,"Male","South","No"
120,"Ultimate",467.950585364953,47,74,"Male","South","Yes"
105,"Basic",639.813717305829,200,29,"Female","North","No"
99,"Ultimate",644.177772646766,132,28,"Female","East","Yes"
173,"Premium",520.487350507834,147,18,"Female","East","No"
188,"Premium",474.582115066326,181,57,"Female","North","No"
295,"Ultimate",482.670905327579,200,75,"Male","East","No"
274,"Ultimate",551.890582644246,73,35,"Male","East","Yes"
124,"Premium",605.153012060767,95,52,"Female","South","Yes"
109,"Ultimate",491.13801760582,32,34,"Female","South","Yes"
299,"Premium",656.161704998032,159,56,"Male","West","Yes"
279,"Basic",596.689304592852,32,32,"Female","North","No"
134,"Ultimate",494.994228229436,84,38,"Male","South","Yes"
123,"Premium",342.774537230832,143,43,"Male","North","Yes"
170,"Premium",467.754439588633,59,62,"Female","South","No"
163,"Premium",355.929107592252,187,38,"Male","East","No"
244,"Premium",562.585295579018,119,56,"Female","East","Yes"
148,"Premium",559.798850572838,108,26,"Female","North","Yes"
147,"Ultimate",528.181288970846,87,70,"Male","North","Yes"
107,"Premium",530.677139237277,194,67,"Male","North","Yes"
217,"Ultimate",501.872453960453,195,42,"Male","North","Yes"
269,"Basic",463.861970970393,70,41,"Male","North","No"
62,"Basic",412.215123866264,131,75,"Female","North","No"
57,"Basic",270.166945814969,134,60,"Male","North","Yes"
51,"Ultimate",502.348465918851,64,47,"Female","West","Yes"
172,"Ultimate",505.277509070559,169,80,"Male","South","No"
55,"Ultimate",885.17579714833,82,33,"Male","North","Yes"
136,"Premium",666.908173576239,81,43,"Male","North","No"
66,"Premium",563.151186526554,30,18,"Male","West","Yes"
209,"Ultimate",418.403552207615,108,43,"Male","South","No"
255,"Premium",370.512248412068,46,60,"Male","East","No"
248,"Basic",570.00457337639,137,21,"Female","South","No"
126,"Basic",400.503335296147,125,61,"Female","North","Yes"
121,"Basic",585.235039588834,191,56,"Male","West","No"
151,"Premium",533.354522133853,109,47,"Female","North","No"
252,"Basic",432.11605275595,66,61,"Male","East","No"
283,"Basic",458.610416569675,141,55,"Female","South","No"
66,"Ultimate",518.060951364426,70,69,"Female","East","No"
120,"Ultimate",446.596142709302,54,21,"Male","East","No"
